[10Jul2026 15:41:41.839] [main/INFO] [cpw.mods.modlauncher.Launcher/MODLAUNCHER]: ModLauncher running: args [--launchTarget, forgeclientuserdev, --version, MOD_DEV, --assetIndex, 5, --assetsDir, /Users/kuboshoma/.gradle/caches/forge_gradle/assets, --gameDir, ., --fml.forgeVersion, 47.4.10, --fml.mcVersion, 1.20.1, --fml.forgeGroup, net.minecraftforge, --fml.mcpVersion, 20230612.114412]
[10Jul2026 15:41:41.840] [main/INFO] [cpw.mods.modlauncher.Launcher/MODLAUNCHER]: ModLauncher 10.0.9+10.0.9+main.dcd20f30 starting: java version 17.0.10 by BellSoft; OS Mac OS X arch aarch64 version 15.7.4
[10Jul2026 15:41:41.849] [main/DEBUG] [cpw.mods.modlauncher.LaunchServiceHandler/MODLAUNCHER]: Found launch services [fmlclientdev,forgeclient,minecraft,forgegametestserverdev,fmlserveruserdev,fmlclient,fmldatauserdev,forgeserverdev,forgeserveruserdev,forgeclientdev,forgeclientuserdev,forgeserver,forgedatadev,fmlserver,fmlclientuserdev,fmlserverdev,forgedatauserdev,testharness,forgegametestserveruserdev]
[10Jul2026 15:41:41.853] [main/DEBUG] [cpw.mods.modlauncher.NameMappingServiceHandler/MODLAUNCHER]: Found naming services : [srgtomcp]
[10Jul2026 15:41:41.859] [main/DEBUG] [cpw.mods.modlauncher.LaunchPluginHandler/MODLAUNCHER]: Found launch plugins: [mixin,eventbus,slf4jfixer,object_holder_definalize,runtime_enum_extender,capability_token_subclass,accesstransformer,runtimedistcleaner]
[10Jul2026 15:41:41.863] [main/DEBUG] [cpw.mods.modlauncher.TransformationServicesHandler/MODLAUNCHER]: Discovering transformation services
[10Jul2026 15:41:41.865] [main/DEBUG] [net.minecraftforge.fml.loading.FMLPaths/CORE]: Path GAMEDIR is /Users/kuboshoma/Private/mc/minecraft-mod-alpha-experience/run
[10Jul2026 15:41:41.865] [main/DEBUG] [net.minecraftforge.fml.loading.FMLPaths/CORE]: Path MODSDIR is /Users/kuboshoma/Private/mc/minecraft-mod-alpha-experience/run/mods
[10Jul2026 15:41:41.865] [main/DEBUG] [net.minecraftforge.fml.loading.FMLPaths/CORE]: Path CONFIGDIR is /Users/kuboshoma/Private/mc/minecraft-mod-alpha-experience/run/config
[10Jul2026 15:41:41.866] [main/DEBUG] [net.minecraftforge.fml.loading.FMLPaths/CORE]: Path FMLCONFIG is /Users/kuboshoma/Private/mc/minecraft-mod-alpha-experience/run/config/fml.toml
[10Jul2026 15:41:41.879] [main/DEBUG] [cpw.mods.modlauncher.TransformationServicesHandler/MODLAUNCHER]: Found additional transformation services from discovery services: 
[10Jul2026 15:41:41.881] [main/INFO] [net.minecraftforge.fml.loading.ImmediateWindowHandler/]: Loading ImmediateWindowProvider fmlearlywindow
[10Jul2026 15:41:42.027] [main/INFO] [EARLYDISPLAY/]: Trying GL version 4.6
[10Jul2026 15:41:42.094] [main/INFO] [EARLYDISPLAY/]: Trying GL version 4.5
[10Jul2026 15:41:42.103] [main/INFO] [EARLYDISPLAY/]: Trying GL version 4.4
[10Jul2026 15:41:42.111] [main/INFO] [EARLYDISPLAY/]: Trying GL version 4.3
[10Jul2026 15:41:42.117] [main/INFO] [EARLYDISPLAY/]: Trying GL version 4.2
[10Jul2026 15:41:42.124] [main/INFO] [EARLYDISPLAY/]: Trying GL version 4.1
[10Jul2026 15:41:42.142] [main/INFO] [EARLYDISPLAY/]: Requested GL version 4.1 got version 4.1
[10Jul2026 15:41:42.231] [main/DEBUG] [cpw.mods.modlauncher.TransformationServicesHandler/MODLAUNCHER]: Found transformer services : [mixin,fml]
[10Jul2026 15:41:42.232] [main/DEBUG] [cpw.mods.modlauncher.TransformationServicesHandler/MODLAUNCHER]: Transformation services loading
[10Jul2026 15:41:42.232] [main/DEBUG] [cpw.mods.modlauncher.TransformationServiceDecorator/MODLAUNCHER]: Loading service mixin
[10Jul2026 15:41:42.232] [main/DEBUG] [cpw.mods.modlauncher.TransformationServiceDecorator/MODLAUNCHER]: Loaded service mixin
[10Jul2026 15:41:42.232] [main/DEBUG] [cpw.mods.modlauncher.TransformationServiceDecorator/MODLAUNCHER]: Loading service fml
[10Jul2026 15:41:42.233] [main/DEBUG] [net.minecraftforge.fml.loading.LauncherVersion/CORE]: Found FMLLauncher version 1.0
[10Jul2026 15:41:42.233] [main/DEBUG] [net.minecraftforge.fml.loading.FMLLoader/CORE]: FML 1.0 loading
[10Jul2026 15:41:42.233] [main/DEBUG] [net.minecraftforge.fml.loading.FMLLoader/CORE]: FML found ModLauncher version : 10.0.9+10.0.9+main.dcd20f30
[10Jul2026 15:41:42.233] [main/DEBUG] [net.minecraftforge.fml.loading.FMLLoader/CORE]: Requesting CoreMods to not apply the fix for ASMAPI.findFirstInstructionBefore by default
[10Jul2026 15:41:42.233] [main/DEBUG] [net.minecraftforge.fml.loading.FMLLoader/CORE]: FML found AccessTransformer version : 8.0.4+66+master.c09db6d7
[10Jul2026 15:41:42.234] [main/DEBUG] [net.minecraftforge.fml.loading.FMLLoader/CORE]: FML found EventBus version : 6.0.5+6.0.5+master.eb8e549b
[10Jul2026 15:41:42.234] [main/DEBUG] [net.minecraftforge.fml.loading.FMLLoader/CORE]: Found Runtime Dist Cleaner
[10Jul2026 15:41:42.234] [main/DEBUG] [net.minecraftforge.coremod.CoreModEngine/]: CoreMods will preserve legacy behavior of ASMAPI.findFirstInstructionBefore for backwards-compatibility
[10Jul2026 15:41:42.235] [main/DEBUG] [net.minecraftforge.fml.loading.FMLLoader/CORE]: FML found CoreMod version : 5.2.4
[10Jul2026 15:41:42.235] [main/DEBUG] [net.minecraftforge.fml.loading.FMLLoader/CORE]: Found ForgeSPI package implementation version 7.0.1+7.0.1+master.d2b38bf6
[10Jul2026 15:41:42.235] [main/DEBUG] [net.minecraftforge.fml.loading.FMLLoader/CORE]: Found ForgeSPI package specification 5
[10Jul2026 15:41:42.235] [main/DEBUG] [cpw.mods.modlauncher.TransformationServiceDecorator/MODLAUNCHER]: Loaded service fml
[10Jul2026 15:41:42.235] [main/DEBUG] [cpw.mods.modlauncher.TransformationServicesHandler/MODLAUNCHER]: Configuring option handling for services
[10Jul2026 15:41:42.237] [main/DEBUG] [cpw.mods.modlauncher.TransformationServicesHandler/MODLAUNCHER]: Transformation services initializing
[10Jul2026 15:41:42.237] [main/DEBUG] [cpw.mods.modlauncher.TransformationServiceDecorator/MODLAUNCHER]: Initializing transformation service mixin
[10Jul2026 15:41:42.243] [main/DEBUG] [mixin/]: MixinService [ModLauncher] was successfully booted in cpw.mods.cl.ModuleClassLoader@402e37bc
[10Jul2026 15:41:42.251] [main/INFO] [mixin/]: SpongePowered MIXIN Subsystem Version=0.8.5 Source=union:/Users/kuboshoma/.gradle/caches/modules-2/files-2.1/org.spongepowered/mixin/0.8.5/9d1c0c3a304ae6697ecd477218fa61b850bf57fc/mixin-0.8.5.jar%23121!/ Service=ModLauncher Env=CLIENT
[10Jul2026 15:41:42.252] [main/DEBUG] [mixin/]: Initialising Mixin Platform Manager
[10Jul2026 15:41:42.252] [main/DEBUG] [mixin/]: Adding mixin platform agents for container ModLauncher Root Container(ModLauncher:4f56a0a2)
[10Jul2026 15:41:42.252] [main/DEBUG] [mixin/]: Instancing new MixinPlatformAgentMinecraftForge for ModLauncher Root Container(ModLauncher:4f56a0a2)
[10Jul2026 15:41:42.253] [main/DEBUG] [mixin/]: MixinPlatformAgentMinecraftForge rejected container ModLauncher Root Container(ModLauncher:4f56a0a2)
[10Jul2026 15:41:42.253] [main/DEBUG] [mixin/]: Instancing new MixinPlatformAgentDefault for ModLauncher Root Container(ModLauncher:4f56a0a2)
[10Jul2026 15:41:42.253] [main/DEBUG] [mixin/]: MixinPlatformAgentDefault accepted container ModLauncher Root Container(ModLauncher:4f56a0a2)
[10Jul2026 15:41:42.254] [main/DEBUG] [cpw.mods.modlauncher.TransformationServiceDecorator/MODLAUNCHER]: Initialized transformation service mixin
[10Jul2026 15:41:42.254] [main/DEBUG] [cpw.mods.modlauncher.TransformationServiceDecorator/MODLAUNCHER]: Initializing transformation service fml
[10Jul2026 15:41:42.254] [main/DEBUG] [net.minecraftforge.fml.loading.FMLServiceProvider/CORE]: Setting up basic FML game directories
[10Jul2026 15:41:42.254] [main/DEBUG] [net.minecraftforge.fml.loading.FMLPaths/CORE]: Path GAMEDIR is /Users/kuboshoma/Private/mc/minecraft-mod-alpha-experience/run
[10Jul2026 15:41:42.254] [main/DEBUG] [net.minecraftforge.fml.loading.FMLPaths/CORE]: Path MODSDIR is /Users/kuboshoma/Private/mc/minecraft-mod-alpha-experience/run/mods
[10Jul2026 15:41:42.254] [main/DEBUG] [net.minecraftforge.fml.loading.FMLPaths/CORE]: Path CONFIGDIR is /Users/kuboshoma/Private/mc/minecraft-mod-alpha-experience/run/config
[10Jul2026 15:41:42.254] [main/DEBUG] [net.minecraftforge.fml.loading.FMLPaths/CORE]: Path FMLCONFIG is /Users/kuboshoma/Private/mc/minecraft-mod-alpha-experience/run/config/fml.toml
[10Jul2026 15:41:42.254] [main/DEBUG] [net.minecraftforge.fml.loading.FMLServiceProvider/CORE]: Loading configuration
[10Jul2026 15:41:42.255] [main/DEBUG] [net.minecraftforge.fml.loading.FMLServiceProvider/CORE]: Preparing ModFile
[10Jul2026 15:41:42.257] [main/DEBUG] [net.minecraftforge.fml.loading.FMLServiceProvider/CORE]: Preparing launch handler
[10Jul2026 15:41:42.257] [main/DEBUG] [net.minecraftforge.fml.loading.FMLLoader/CORE]: Using forgeclientuserdev as launch service
[10Jul2026 15:41:42.259] [pool-2-thread-1/INFO] [EARLYDISPLAY/]: GL info: Apple M3 GL version 4.1 Metal - 89.4, Apple
[10Jul2026 15:41:42.262] [main/DEBUG] [net.minecraftforge.fml.loading.FMLLoader/CORE]: Received command line version data  : VersionInfo[forgeVersion=47.4.10, mcVersion=1.20.1, mcpVersion=20230612.114412, forgeGroup=net.minecraftforge]
[10Jul2026 15:41:42.263] [main/DEBUG] [cpw.mods.modlauncher.TransformationServiceDecorator/MODLAUNCHER]: Initialized transformation service fml
[10Jul2026 15:41:42.263] [main/DEBUG] [cpw.mods.modlauncher.NameMappingServiceHandler/MODLAUNCHER]: Current naming domain is 'mcp'
[10Jul2026 15:41:42.264] [main/DEBUG] [cpw.mods.modlauncher.NameMappingServiceHandler/MODLAUNCHER]: Identified name mapping providers {srg=srgtomcp:1234}
[10Jul2026 15:41:42.264] [main/DEBUG] [cpw.mods.modlauncher.TransformationServicesHandler/MODLAUNCHER]: Transformation services begin scanning
[10Jul2026 15:41:42.264] [main/DEBUG] [cpw.mods.modlauncher.TransformationServiceDecorator/MODLAUNCHER]: Beginning scan trigger - transformation service mixin
[10Jul2026 15:41:42.264] [main/DEBUG] [cpw.mods.modlauncher.TransformationServiceDecorator/MODLAUNCHER]: End scan trigger - transformation service mixin
[10Jul2026 15:41:42.264] [main/DEBUG] [cpw.mods.modlauncher.TransformationServiceDecorator/MODLAUNCHER]: Beginning scan trigger - transformation service fml
[10Jul2026 15:41:42.264] [main/DEBUG] [net.minecraftforge.fml.loading.FMLServiceProvider/CORE]: Initiating mod scan
[10Jul2026 15:41:42.268] [main/DEBUG] [net.minecraftforge.fml.loading.moddiscovery.ModListHandler/CORE]: Found mod coordinates from lists: []
[10Jul2026 15:41:42.269] [main/DEBUG] [net.minecraftforge.fml.loading.moddiscovery.ModDiscoverer/CORE]: Found Mod Locators : (mods folder:null),(maven libs:null),(exploded directory:null),(minecraft:null),(userdev classpath:null)
[10Jul2026 15:41:42.269] [main/DEBUG] [net.minecraftforge.fml.loading.moddiscovery.ModDiscoverer/CORE]: Found Dependency Locators : (JarInJar:null)
[10Jul2026 15:41:42.271] [main/DEBUG] [net.minecraftforge.fml.loading.targets.CommonLaunchHandler/CORE]: Got mod coordinates examplemod%%/Users/kuboshoma/Private/mc/minecraft-mod-alpha-experience/build/resources/main:examplemod%%/Users/kuboshoma/Private/mc/minecraft-mod-alpha-experience/build/classes/java/main from env
[10Jul2026 15:41:42.271] [main/DEBUG] [net.minecraftforge.fml.loading.targets.CommonLaunchHandler/CORE]: Found supplied mod coordinates [{examplemod=[/Users/kuboshoma/Private/mc/minecraft-mod-alpha-experience/build/resources/main, /Users/kuboshoma/Private/mc/minecraft-mod-alpha-experience/build/classes/java/main]}]
[10Jul2026 15:41:42.391] [main/DEBUG] [net.minecraftforge.fml.loading.moddiscovery.ModFileInfo/LOADING]: Found valid mod file forge-1.20.1-47.4.10_mapped_official_1.20.1.jar with {minecraft} mods - versions {1.20.1}
[10Jul2026 15:41:42.392] [main/DEBUG] [net.minecraftforge.fml.loading.moddiscovery.ModFileParser/LOADING]: Considering mod file candidate /Users/kuboshoma/.gradle/caches/modules-2/files-2.1/net.minecraftforge/javafmllanguage/1.20.1-47.4.10/ccc533c7dd67e0983217197d7549c8b49e7ab453/javafmllanguage-1.20.1-47.4.10.jar
[10Jul2026 15:41:42.393] [main/WARN] [net.minecraftforge.fml.loading.moddiscovery.ModFileParser/LOADING]: Mod file /Users/kuboshoma/.gradle/caches/modules-2/files-2.1/net.minecraftforge/javafmllanguage/1.20.1-47.4.10/ccc533c7dd67e0983217197d7549c8b49e7ab453/javafmllanguage-1.20.1-47.4.10.jar is missing mods.toml file
[10Jul2026 15:41:42.393] [main/DEBUG] [net.minecraftforge.fml.loading.moddiscovery.ModFileParser/LOADING]: Considering mod file candidate /Users/kuboshoma/.gradle/caches/modules-2/files-2.1/net.minecraftforge/lowcodelanguage/1.20.1-47.4.10/e9a2879fe3612ea34b9728ec2633304a1e67d480/lowcodelanguage-1.20.1-47.4.10.jar
[10Jul2026 15:41:42.393] [main/WARN] [net.minecraftforge.fml.loading.moddiscovery.ModFileParser/LOADING]: Mod file /Users/kuboshoma/.gradle/caches/modules-2/files-2.1/net.minecraftforge/lowcodelanguage/1.20.1-47.4.10/e9a2879fe3612ea34b9728ec2633304a1e67d480/lowcodelanguage-1.20.1-47.4.10.jar is missing mods.toml file
[10Jul2026 15:41:42.393] [main/DEBUG] [net.minecraftforge.fml.loading.moddiscovery.ModFileParser/LOADING]: Considering mod file candidate /Users/kuboshoma/.gradle/caches/modules-2/files-2.1/net.minecraftforge/mclanguage/1.20.1-47.4.10/ec5cefbbc65c67302b8fac317010faab85fa14b9/mclanguage-1.20.1-47.4.10.jar
[10Jul2026 15:41:42.394] [main/WARN] [net.minecraftforge.fml.loading.moddiscovery.ModFileParser/LOADING]: Mod file /Users/kuboshoma/.gradle/caches/modules-2/files-2.1/net.minecraftforge/mclanguage/1.20.1-47.4.10/ec5cefbbc65c67302b8fac317010faab85fa14b9/mclanguage-1.20.1-47.4.10.jar is missing mods.toml file
[10Jul2026 15:41:42.394] [main/DEBUG] [net.minecraftforge.fml.loading.moddiscovery.ModFileParser/LOADING]: Considering mod file candidate /Users/kuboshoma/.gradle/caches/modules-2/files-2.1/net.minecraftforge/fmlcore/1.20.1-47.4.10/94dae566be650566ea9115a1414ab76bfcf5a804/fmlcore-1.20.1-47.4.10.jar
[10Jul2026 15:41:42.394] [main/WARN] [net.minecraftforge.fml.loading.moddiscovery.ModFileParser/LOADING]: Mod file /Users/kuboshoma/.gradle/caches/modules-2/files-2.1/net.minecraftforge/fmlcore/1.20.1-47.4.10/94dae566be650566ea9115a1414ab76bfcf5a804/fmlcore-1.20.1-47.4.10.jar is missing mods.toml file
[10Jul2026 15:41:42.395] [main/DEBUG] [net.minecraftforge.fml.loading.moddiscovery.ModFileParser/LOADING]: Considering mod file candidate /Users/kuboshoma/Private/mc/minecraft-mod-alpha-experience/build/resources/main
[10Jul2026 15:41:42.397] [main/DEBUG] [net.minecraftforge.fml.loading.moddiscovery.ModFileInfo/LOADING]: Found valid mod file main with {examplemod} mods - versions {1.0.0}
[10Jul2026 15:41:42.400] [main/DEBUG] [net.minecraftforge.fml.loading.moddiscovery.ModFileParser/LOADING]: Considering mod file candidate /
[10Jul2026 15:41:42.402] [main/DEBUG] [net.minecraftforge.fml.loading.moddiscovery.ModFileInfo/LOADING]: Found valid mod file  with {forge} mods - versions {47.4.10}
[10Jul2026 15:41:42.410] [main/DEBUG] [net.minecraftforge.fml.loading.moddiscovery.AbstractJarFileDependencyLocator/]: Failed to load resource META-INF/jarjar/metadata.json from forge-1.20.1-47.4.10_mapped_official_1.20.1.jar, it does not contain dependency information.
[10Jul2026 15:41:42.410] [main/DEBUG] [net.minecraftforge.fml.loading.moddiscovery.AbstractJarFileDependencyLocator/]: Failed to load resource META-INF/jarjar/metadata.json from , it does not contain dependency information.
[10Jul2026 15:41:42.410] [main/DEBUG] [net.minecraftforge.fml.loading.moddiscovery.AbstractJarFileDependencyLocator/]: Failed to load resource META-INF/jarjar/metadata.json from main, it does not contain dependency information.
[10Jul2026 15:41:42.411] [main/DEBUG] [net.minecraftforge.fml.loading.moddiscovery.AbstractJarFileDependencyLocator/]: Failed to load resource META-INF/jarjar/metadata.json from mclanguage-1.20.1-47.4.10.jar, it does not contain dependency information.
[10Jul2026 15:41:42.411] [main/DEBUG] [net.minecraftforge.fml.loading.moddiscovery.AbstractJarFileDependencyLocator/]: Failed to load resource META-INF/jarjar/metadata.json from javafmllanguage-1.20.1-47.4.10.jar, it does not contain dependency information.
[10Jul2026 15:41:42.411] [main/DEBUG] [net.minecraftforge.fml.loading.moddiscovery.AbstractJarFileDependencyLocator/]: Failed to load resource META-INF/jarjar/metadata.json from fmlcore-1.20.1-47.4.10.jar, it does not contain dependency information.
[10Jul2026 15:41:42.411] [main/DEBUG] [net.minecraftforge.fml.loading.moddiscovery.AbstractJarFileDependencyLocator/]: Failed to load resource META-INF/jarjar/metadata.json from lowcodelanguage-1.20.1-47.4.10.jar, it does not contain dependency information.
[10Jul2026 15:41:42.421] [main/INFO] [net.minecraftforge.fml.loading.moddiscovery.JarInJarDependencyLocator/]: No dependencies to load found. Skipping!
[10Jul2026 15:41:42.422] [main/DEBUG] [net.minecraftforge.fml.loading.moddiscovery.ModFileInfo/LOADING]: Found valid mod file forge-1.20.1-47.4.10_mapped_official_1.20.1.jar with {minecraft} mods - versions {1.20.1}
[10Jul2026 15:41:42.430] [main/DEBUG] [net.minecraftforge.fml.loading.moddiscovery.ModFile/LOADING]: Loading mod file /Users/kuboshoma/.gradle/caches/forge_gradle/minecraft_user_repo/net/minecraftforge/forge/1.20.1-47.4.10_mapped_official_1.20.1/forge-1.20.1-47.4.10_mapped_official_1.20.1.jar with languages [LanguageSpec[languageName=minecraft, acceptedVersions=1]]
[10Jul2026 15:41:42.430] [main/DEBUG] [net.minecraftforge.fml.loading.moddiscovery.ModFileParser/LOADING]: Considering mod file candidate /
[10Jul2026 15:41:42.431] [main/DEBUG] [net.minecraftforge.fml.loading.moddiscovery.ModFileInfo/LOADING]: Found valid mod file  with {forge} mods - versions {47.4.10}
[10Jul2026 15:41:42.431] [main/DEBUG] [net.minecraftforge.fml.loading.moddiscovery.ModFile/LOADING]: Loading mod file / with languages [LanguageSpec[languageName=javafml, acceptedVersions=[24,]]]
[10Jul2026 15:41:42.445] [main/DEBUG] [net.minecraftforge.fml.loading.moddiscovery.ModFileParser/LOADING]: Found coremod field_to_method with Javascript path coremods/field_to_method.js
[10Jul2026 15:41:42.445] [main/DEBUG] [net.minecraftforge.fml.loading.moddiscovery.ModFileParser/LOADING]: Found coremod field_to_instanceof with Javascript path coremods/field_to_instanceof.js
[10Jul2026 15:41:42.445] [main/DEBUG] [net.minecraftforge.fml.loading.moddiscovery.ModFileParser/LOADING]: Found coremod add_bouncer_method with Javascript path coremods/add_bouncer_method.js
[10Jul2026 15:41:42.445] [main/DEBUG] [net.minecraftforge.fml.loading.moddiscovery.ModFileParser/LOADING]: Found coremod method_redirector with Javascript path coremods/method_redirector.js
[10Jul2026 15:41:42.445] [main/DEBUG] [net.minecraftforge.fml.loading.moddiscovery.ModFile/LOADING]: Found coremod coremods/field_to_method.js
[10Jul2026 15:41:42.445] [main/DEBUG] [net.minecraftforge.fml.loading.moddiscovery.ModFile/LOADING]: Found coremod coremods/field_to_instanceof.js
[10Jul2026 15:41:42.445] [main/DEBUG] [net.minecraftforge.fml.loading.moddiscovery.ModFile/LOADING]: Found coremod coremods/add_bouncer_method.js
[10Jul2026 15:41:42.445] [main/DEBUG] [net.minecraftforge.fml.loading.moddiscovery.ModFile/LOADING]: Found coremod coremods/method_redirector.js
[10Jul2026 15:41:42.445] [main/DEBUG] [net.minecraftforge.fml.loading.moddiscovery.ModFileParser/LOADING]: Considering mod file candidate /Users/kuboshoma/Private/mc/minecraft-mod-alpha-experience/build/resources/main
[10Jul2026 15:41:42.446] [main/DEBUG] [net.minecraftforge.fml.loading.moddiscovery.ModFileInfo/LOADING]: Found valid mod file main with {examplemod} mods - versions {1.0.0}
[10Jul2026 15:41:42.446] [main/DEBUG] [net.minecraftforge.fml.loading.moddiscovery.ModFile/LOADING]: Loading mod file /Users/kuboshoma/Private/mc/minecraft-mod-alpha-experience/build/resources/main with languages [LanguageSpec[languageName=javafml, acceptedVersions=[47,)]]
[10Jul2026 15:41:42.446] [main/DEBUG] [cpw.mods.modlauncher.TransformationServiceDecorator/MODLAUNCHER]: End scan trigger - transformation service fml
[10Jul2026 15:41:42.451] [main/DEBUG] [net.minecraftforge.fml.loading.LanguageLoadingProvider/CORE]: Found 3 language providers
[10Jul2026 15:41:42.451] [main/DEBUG] [net.minecraftforge.fml.loading.LanguageLoadingProvider/CORE]: Found language provider minecraft, version 1.0
[10Jul2026 15:41:42.452] [main/DEBUG] [net.minecraftforge.fml.loading.LanguageLoadingProvider/CORE]: Found language provider lowcodefml, version 47
[10Jul2026 15:41:42.452] [main/DEBUG] [net.minecraftforge.fml.loading.LanguageLoadingProvider/CORE]: Found language provider javafml, version 47
[10Jul2026 15:41:42.453] [main/DEBUG] [net.minecraftforge.fml.loading.ModSorter/]: Configured system mods: [minecraft, forge]
[10Jul2026 15:41:42.454] [main/DEBUG] [net.minecraftforge.fml.loading.ModSorter/]: Found system mod: minecraft
[10Jul2026 15:41:42.454] [main/DEBUG] [net.minecraftforge.fml.loading.ModSorter/]: Found system mod: forge
[10Jul2026 15:41:42.454] [main/DEBUG] [net.minecraftforge.fml.loading.ModSorter/LOADING]: Found 2 mod requirements (2 mandatory, 0 optional)
[10Jul2026 15:41:42.454] [main/DEBUG] [net.minecraftforge.fml.loading.ModSorter/LOADING]: Found 0 mod requirements missing (0 mandatory, 0 optional)
[10Jul2026 15:41:42.596] [main/DEBUG] [net.minecraftforge.fml.loading.MCPNamingService/CORE]: Loaded 33222 method mappings from methods.csv
[10Jul2026 15:41:42.611] [main/DEBUG] [net.minecraftforge.fml.loading.MCPNamingService/CORE]: Loaded 31003 field mappings from fields.csv
[10Jul2026 15:41:42.634] [main/DEBUG] [cpw.mods.modlauncher.TransformationServicesHandler/MODLAUNCHER]: Transformation services loading transformers
[10Jul2026 15:41:42.634] [main/DEBUG] [cpw.mods.modlauncher.TransformationServiceDecorator/MODLAUNCHER]: Initializing transformers for transformation service mixin
[10Jul2026 15:41:42.634] [main/DEBUG] [cpw.mods.modlauncher.TransformationServiceDecorator/MODLAUNCHER]: Initialized transformers for transformation service mixin
[10Jul2026 15:41:42.634] [main/DEBUG] [cpw.mods.modlauncher.TransformationServiceDecorator/MODLAUNCHER]: Initializing transformers for transformation service fml
[10Jul2026 15:41:42.634] [main/DEBUG] [net.minecraftforge.fml.loading.FMLServiceProvider/CORE]: Loading coremod transformers
[10Jul2026 15:41:42.634] [main/DEBUG] [net.minecraftforge.coremod.CoreModEngine/COREMOD]: Loading CoreMod from coremods/field_to_method.js
[10Jul2026 15:41:42.706] [main/DEBUG] [net.minecraftforge.coremod.CoreModEngine/COREMOD]: CoreMod loaded successfully
[10Jul2026 15:41:42.706] [main/DEBUG] [net.minecraftforge.coremod.CoreModEngine/COREMOD]: Loading CoreMod from coremods/field_to_instanceof.js
[10Jul2026 15:41:42.732] [main/DEBUG] [net.minecraftforge.coremod.CoreModEngine/COREMOD]: CoreMod loaded successfully
[10Jul2026 15:41:42.732] [main/DEBUG] [net.minecraftforge.coremod.CoreModEngine/COREMOD]: Loading CoreMod from coremods/add_bouncer_method.js
[10Jul2026 15:41:42.745] [main/DEBUG] [net.minecraftforge.coremod.CoreModEngine/COREMOD]: CoreMod loaded successfully
[10Jul2026 15:41:42.745] [main/DEBUG] [net.minecraftforge.coremod.CoreModEngine/COREMOD]: Loading CoreMod from coremods/method_redirector.js
[10Jul2026 15:41:42.764] [main/DEBUG] [net.minecraftforge.coremod.CoreModEngine/COREMOD]: CoreMod loaded successfully
[10Jul2026 15:41:42.767] [main/DEBUG] [cpw.mods.modlauncher.TransformStore/MODLAUNCHER]: Adding transformer net.minecraftforge.coremod.transformer.CoreModClassTransformer@3d1f558a to Target : CLASS {Lnet/minecraft/world/level/biome/Biome;} {} {V}
[10Jul2026 15:41:42.768] [main/DEBUG] [cpw.mods.modlauncher.TransformStore/MODLAUNCHER]: Adding transformer net.minecraftforge.coremod.transformer.CoreModClassTransformer@11f9535b to Target : CLASS {Lnet/minecraft/world/level/levelgen/structure/Structure;} {} {V}
[10Jul2026 15:41:42.768] [main/DEBUG] [cpw.mods.modlauncher.TransformStore/MODLAUNCHER]: Adding transformer net.minecraftforge.coremod.transformer.CoreModClassTransformer@8cc8cdb to Target : CLASS {Lnet/minecraft/world/effect/MobEffectInstance;} {} {V}
[10Jul2026 15:41:42.768] [main/DEBUG] [cpw.mods.modlauncher.TransformStore/MODLAUNCHER]: Adding transformer net.minecraftforge.coremod.transformer.CoreModClassTransformer@1e236278 to Target : CLASS {Lnet/minecraft/world/level/block/LiquidBlock;} {} {V}
[10Jul2026 15:41:42.768] [main/DEBUG] [cpw.mods.modlauncher.TransformStore/MODLAUNCHER]: Adding transformer net.minecraftforge.coremod.transformer.CoreModClassTransformer@44fff386 to Target : CLASS {Lnet/minecraft/world/item/BucketItem;} {} {V}
[10Jul2026 15:41:42.768] [main/DEBUG] [cpw.mods.modlauncher.TransformStore/MODLAUNCHER]: Adding transformer net.minecraftforge.coremod.transformer.CoreModClassTransformer@1fc713c9 to Target : CLASS {Lnet/minecraft/world/level/block/StairBlock;} {} {V}
[10Jul2026 15:41:42.768] [main/DEBUG] [cpw.mods.modlauncher.TransformStore/MODLAUNCHER]: Adding transformer net.minecraftforge.coremod.transformer.CoreModClassTransformer@7301eebe to Target : CLASS {Lnet/minecraft/world/level/block/FlowerPotBlock;} {} {V}
[10Jul2026 15:41:42.768] [main/DEBUG] [cpw.mods.modlauncher.TransformStore/MODLAUNCHER]: Adding transformer net.minecraftforge.coremod.transformer.CoreModClassTransformer@76b47204 to Target : CLASS {Lnet/minecraft/world/item/ItemStack;} {} {V}
[10Jul2026 15:41:42.768] [main/DEBUG] [cpw.mods.modlauncher.TransformStore/MODLAUNCHER]: Adding transformer net.minecraftforge.coremod.transformer.CoreModClassTransformer@4d6ccc97 to Target : CLASS {Lnet/minecraft/network/play/client/CClientSettingsPacket;} {} {V}
[10Jul2026 15:41:42.768] [main/DEBUG] [cpw.mods.modlauncher.TransformStore/MODLAUNCHER]: Adding transformer net.minecraftforge.coremod.transformer.CoreModClassTransformer@6a12c7a8 to Target : CLASS {Lnet/minecraft/world/entity/monster/Zombie;} {} {V}
[10Jul2026 15:41:42.768] [main/DEBUG] [cpw.mods.modlauncher.TransformStore/MODLAUNCHER]: Adding transformer net.minecraftforge.coremod.transformer.CoreModClassTransformer@6a12c7a8 to Target : CLASS {Lnet/minecraft/world/entity/npc/CatSpawner;} {} {V}
[10Jul2026 15:41:42.768] [main/DEBUG] [cpw.mods.modlauncher.TransformStore/MODLAUNCHER]: Adding transformer net.minecraftforge.coremod.transformer.CoreModClassTransformer@6a12c7a8 to Target : CLASS {Lnet/minecraft/world/level/levelgen/structure/templatesystem/StructureTemplate;} {} {V}
[10Jul2026 15:41:42.768] [main/DEBUG] [cpw.mods.modlauncher.TransformStore/MODLAUNCHER]: Adding transformer net.minecraftforge.coremod.transformer.CoreModClassTransformer@6a12c7a8 to Target : CLASS {Lnet/minecraft/world/entity/monster/ZombieVillager;} {} {V}
[10Jul2026 15:41:42.768] [main/DEBUG] [cpw.mods.modlauncher.TransformStore/MODLAUNCHER]: Adding transformer net.minecraftforge.coremod.transformer.CoreModClassTransformer@6a12c7a8 to Target : CLASS {Lnet/minecraft/world/level/levelgen/PhantomSpawner;} {} {V}
[10Jul2026 15:41:42.768] [main/DEBUG] [cpw.mods.modlauncher.TransformStore/MODLAUNCHER]: Adding transformer net.minecraftforge.coremod.transformer.CoreModClassTransformer@6a12c7a8 to Target : CLASS {Lnet/minecraft/world/level/levelgen/structure/structures/OceanMonumentPieces$OceanMonumentPiece;} {} {V}
[10Jul2026 15:41:42.768] [main/DEBUG] [cpw.mods.modlauncher.TransformStore/MODLAUNCHER]: Adding transformer net.minecraftforge.coremod.transformer.CoreModClassTransformer@6a12c7a8 to Target : CLASS {Lnet/minecraft/server/commands/SummonCommand;} {} {V}
[10Jul2026 15:41:42.769] [main/DEBUG] [cpw.mods.modlauncher.TransformStore/MODLAUNCHER]: Adding transformer net.minecraftforge.coremod.transformer.CoreModClassTransformer@6a12c7a8 to Target : CLASS {Lnet/minecraft/world/level/levelgen/structure/structures/SwampHutPiece;} {} {V}
[10Jul2026 15:41:42.769] [main/DEBUG] [cpw.mods.modlauncher.TransformStore/MODLAUNCHER]: Adding transformer net.minecraftforge.coremod.transformer.CoreModClassTransformer@6a12c7a8 to Target : CLASS {Lnet/minecraft/world/entity/animal/frog/Tadpole;} {} {V}
[10Jul2026 15:41:42.769] [main/DEBUG] [cpw.mods.modlauncher.TransformStore/MODLAUNCHER]: Adding transformer net.minecraftforge.coremod.transformer.CoreModClassTransformer@6a12c7a8 to Target : CLASS {Lnet/minecraft/world/level/levelgen/structure/structures/OceanRuinPieces$OceanRuinPiece;} {} {V}
[10Jul2026 15:41:42.769] [main/DEBUG] [cpw.mods.modlauncher.TransformStore/MODLAUNCHER]: Adding transformer net.minecraftforge.coremod.transformer.CoreModClassTransformer@6a12c7a8 to Target : CLASS {Lnet/minecraft/world/level/levelgen/structure/structures/WoodlandMansionPieces$WoodlandMansionPiece;} {} {V}
[10Jul2026 15:41:42.769] [main/DEBUG] [cpw.mods.modlauncher.TransformStore/MODLAUNCHER]: Adding transformer net.minecraftforge.coremod.transformer.CoreModClassTransformer@6a12c7a8 to Target : CLASS {Lnet/minecraft/world/level/NaturalSpawner;} {} {V}
[10Jul2026 15:41:42.769] [main/DEBUG] [cpw.mods.modlauncher.TransformStore/MODLAUNCHER]: Adding transformer net.minecraftforge.coremod.transformer.CoreModClassTransformer@6a12c7a8 to Target : CLASS {Lnet/minecraft/world/level/levelgen/PatrolSpawner;} {} {V}
[10Jul2026 15:41:42.769] [main/DEBUG] [cpw.mods.modlauncher.TransformStore/MODLAUNCHER]: Adding transformer net.minecraftforge.coremod.transformer.CoreModClassTransformer@6a12c7a8 to Target : CLASS {Lnet/minecraft/world/entity/monster/Strider;} {} {V}
[10Jul2026 15:41:42.769] [main/DEBUG] [cpw.mods.modlauncher.TransformStore/MODLAUNCHER]: Adding transformer net.minecraftforge.coremod.transformer.CoreModClassTransformer@6a12c7a8 to Target : CLASS {Lnet/minecraft/world/entity/monster/Spider;} {} {V}
[10Jul2026 15:41:42.769] [main/DEBUG] [cpw.mods.modlauncher.TransformStore/MODLAUNCHER]: Adding transformer net.minecraftforge.coremod.transformer.CoreModClassTransformer@6a12c7a8 to Target : CLASS {Lnet/minecraft/server/commands/RaidCommand;} {} {V}
[10Jul2026 15:41:42.769] [main/DEBUG] [cpw.mods.modlauncher.TransformStore/MODLAUNCHER]: Adding transformer net.minecraftforge.coremod.transformer.CoreModClassTransformer@6a12c7a8 to Target : CLASS {Lnet/minecraft/world/entity/EntityType;} {} {V}
[10Jul2026 15:41:42.769] [main/DEBUG] [cpw.mods.modlauncher.TransformStore/MODLAUNCHER]: Adding transformer net.minecraftforge.coremod.transformer.CoreModClassTransformer@6a12c7a8 to Target : CLASS {Lnet/minecraft/world/entity/ai/village/VillageSiege;} {} {V}
[10Jul2026 15:41:42.769] [main/DEBUG] [cpw.mods.modlauncher.TransformStore/MODLAUNCHER]: Adding transformer net.minecraftforge.coremod.transformer.CoreModClassTransformer@6a12c7a8 to Target : CLASS {Lnet/minecraft/world/entity/animal/horse/SkeletonTrapGoal;} {} {V}
[10Jul2026 15:41:42.769] [main/DEBUG] [cpw.mods.modlauncher.TransformStore/MODLAUNCHER]: Adding transformer net.minecraftforge.coremod.transformer.CoreModClassTransformer@6a12c7a8 to Target : CLASS {Lnet/minecraft/world/entity/monster/Evoker$EvokerSummonSpellGoal;} {} {V}
[10Jul2026 15:41:42.769] [main/DEBUG] [cpw.mods.modlauncher.TransformStore/MODLAUNCHER]: Adding transformer net.minecraftforge.coremod.transformer.CoreModClassTransformer@6a12c7a8 to Target : CLASS {Lnet/minecraft/world/entity/raid/Raid;} {} {V}
[10Jul2026 15:41:42.769] [main/DEBUG] [cpw.mods.modlauncher.TransformStore/MODLAUNCHER]: Adding transformer net.minecraftforge.coremod.transformer.CoreModClassTransformer@6a12c7a8 to Target : CLASS {Lnet/minecraft/world/entity/npc/Villager;} {} {V}
[10Jul2026 15:41:42.769] [main/DEBUG] [cpw.mods.modlauncher.TransformationServiceDecorator/MODLAUNCHER]: Initialized transformers for transformation service fml
[10Jul2026 15:41:42.914] [main/DEBUG] [mixin/]: Processing prepare() for PlatformAgent[MixinPlatformAgentDefault:ModLauncher Root Container(ModLauncher:4f56a0a2)]
[10Jul2026 15:41:42.914] [main/DEBUG] [mixin/]: Processing launch tasks for PlatformAgent[MixinPlatformAgentDefault:ModLauncher Root Container(ModLauncher:4f56a0a2)]
[10Jul2026 15:41:42.914] [main/DEBUG] [mixin/]: Adding mixin platform agents for container SecureJarResource(minecraft)
[10Jul2026 15:41:42.914] [main/DEBUG] [mixin/]: Instancing new MixinPlatformAgentMinecraftForge for SecureJarResource(minecraft)
[10Jul2026 15:41:42.914] [main/DEBUG] [mixin/]: MixinPlatformAgentMinecraftForge rejected container SecureJarResource(minecraft)
[10Jul2026 15:41:42.914] [main/DEBUG] [mixin/]: Instancing new MixinPlatformAgentDefault for SecureJarResource(minecraft)
[10Jul2026 15:41:42.914] [main/DEBUG] [mixin/]: MixinPlatformAgentDefault accepted container SecureJarResource(minecraft)
[10Jul2026 15:41:42.914] [main/DEBUG] [mixin/]: Processing prepare() for PlatformAgent[MixinPlatformAgentDefault:SecureJarResource(minecraft)]
[10Jul2026 15:41:42.915] [main/DEBUG] [mixin/]: Adding mixin platform agents for container SecureJarResource(forge)
[10Jul2026 15:41:42.915] [main/DEBUG] [mixin/]: Instancing new MixinPlatformAgentMinecraftForge for SecureJarResource(forge)
[10Jul2026 15:41:42.915] [main/DEBUG] [mixin/]: MixinPlatformAgentMinecraftForge rejected container SecureJarResource(forge)
[10Jul2026 15:41:42.915] [main/DEBUG] [mixin/]: Instancing new MixinPlatformAgentDefault for SecureJarResource(forge)
[10Jul2026 15:41:42.915] [main/DEBUG] [mixin/]: MixinPlatformAgentDefault accepted container SecureJarResource(forge)
[10Jul2026 15:41:42.915] [main/DEBUG] [mixin/]: Processing prepare() for PlatformAgent[MixinPlatformAgentDefault:SecureJarResource(forge)]
[10Jul2026 15:41:42.915] [main/DEBUG] [mixin/]: Adding mixin platform agents for container SecureJarResource(examplemod)
[10Jul2026 15:41:42.915] [main/DEBUG] [mixin/]: Instancing new MixinPlatformAgentMinecraftForge for SecureJarResource(examplemod)
[10Jul2026 15:41:42.915] [main/DEBUG] [mixin/]: MixinPlatformAgentMinecraftForge rejected container SecureJarResource(examplemod)
[10Jul2026 15:41:42.915] [main/DEBUG] [mixin/]: Instancing new MixinPlatformAgentDefault for SecureJarResource(examplemod)
[10Jul2026 15:41:42.915] [main/DEBUG] [mixin/]: MixinPlatformAgentDefault accepted container SecureJarResource(examplemod)
[10Jul2026 15:41:42.915] [main/DEBUG] [mixin/]: Processing prepare() for PlatformAgent[MixinPlatformAgentDefault:SecureJarResource(examplemod)]
[10Jul2026 15:41:42.915] [main/DEBUG] [mixin/]: inject() running with 4 agents
[10Jul2026 15:41:42.915] [main/DEBUG] [mixin/]: Processing inject() for PlatformAgent[MixinPlatformAgentDefault:ModLauncher Root Container(ModLauncher:4f56a0a2)]
[10Jul2026 15:41:42.915] [main/DEBUG] [mixin/]: Processing inject() for PlatformAgent[MixinPlatformAgentDefault:SecureJarResource(minecraft)]
[10Jul2026 15:41:42.915] [main/DEBUG] [mixin/]: Processing inject() for PlatformAgent[MixinPlatformAgentDefault:SecureJarResource(forge)]
[10Jul2026 15:41:42.915] [main/DEBUG] [mixin/]: Processing inject() for PlatformAgent[MixinPlatformAgentDefault:SecureJarResource(examplemod)]
[10Jul2026 15:41:42.915] [main/INFO] [cpw.mods.modlauncher.LaunchServiceHandler/MODLAUNCHER]: Launching target 'forgeclientuserdev' with arguments [--version, MOD_DEV, --gameDir, ., --assetsDir, /Users/kuboshoma/.gradle/caches/forge_gradle/assets, --assetIndex, 5]
[10Jul2026 15:41:42.930] [main/DEBUG] [mixin/]: Error cleaning class output directory: .mixin.out
[10Jul2026 15:41:42.931] [main/DEBUG] [mixin/]: Preparing mixins for MixinEnvironment[DEFAULT]
[10Jul2026 15:41:43.062] [main/DEBUG] [io.netty.util.internal.logging.InternalLoggerFactory/]: Using SLF4J as the default logging framework
[10Jul2026 15:41:43.063] [main/DEBUG] [io.netty.util.ResourceLeakDetector/]: -Dio.netty.leakDetection.level: simple
[10Jul2026 15:41:43.063] [main/DEBUG] [io.netty.util.ResourceLeakDetector/]: -Dio.netty.leakDetection.targetRecords: 4
[10Jul2026 15:41:43.105] [main/DEBUG] [oshi.util.FileUtil/]: No oshi.properties file found from ClassLoader cpw.mods.modlauncher.TransformingClassLoader@3dc95b8b
[10Jul2026 15:41:43.258] [main/WARN] [oshi.util.platform.mac.SysctlUtil/]: Failed sysctl call: hw.cpufrequency, Error code: 2
[10Jul2026 15:41:43.259] [main/DEBUG] [oshi.util.FileUtil/]: No oshi.architecture.properties file found from ClassLoader cpw.mods.modlauncher.TransformingClassLoader@3dc95b8b
[10Jul2026 15:41:43.839] [pool-4-thread-1/DEBUG] [net.minecraftforge.coremod.transformer.CoreModBaseTransformer/COREMOD]: Transforming net/minecraft/world/entity/EntityType
[10Jul2026 15:41:44.043] [pool-4-thread-1/DEBUG] [net.minecraftforge.coremod.transformer.CoreModBaseTransformer/COREMOD]: Transforming net/minecraft/world/level/block/LiquidBlock
[10Jul2026 15:41:44.074] [pool-4-thread-1/DEBUG] [net.minecraftforge.coremod.transformer.CoreModBaseTransformer/COREMOD]: Transforming net/minecraft/world/level/block/StairBlock
[10Jul2026 15:41:44.136] [pool-4-thread-1/DEBUG] [net.minecraftforge.coremod.transformer.CoreModBaseTransformer/COREMOD]: Transforming net/minecraft/world/level/block/FlowerPotBlock
[10Jul2026 15:41:44.513] [pool-4-thread-1/DEBUG] [net.minecraftforge.coremod.transformer.CoreModBaseTransformer/COREMOD]: Transforming net/minecraft/world/item/ItemStack
[10Jul2026 15:41:44.868] [pool-4-thread-1/DEBUG] [net.minecraftforge.coremod.transformer.CoreModBaseTransformer/COREMOD]: Transforming net/minecraft/world/entity/animal/frog/Tadpole
[10Jul2026 15:41:44.886] [pool-4-thread-1/DEBUG] [net.minecraftforge.coremod.transformer.CoreModBaseTransformer/COREMOD]: Transforming net/minecraft/world/item/BucketItem
[10Jul2026 15:41:45.189] [pool-4-thread-1/DEBUG] [net.minecraftforge.coremod.transformer.CoreModBaseTransformer/COREMOD]: Transforming net/minecraft/world/entity/monster/Spider
[10Jul2026 15:41:45.220] [pool-4-thread-1/DEBUG] [net.minecraftforge.coremod.transformer.CoreModBaseTransformer/COREMOD]: Transforming net/minecraft/world/entity/monster/Zombie
[10Jul2026 15:41:45.224] [Datafixer Bootstrap/INFO] [com.mojang.datafixers.DataFixerBuilder/]: 188 Datafixer optimizations took 67 milliseconds
[10Jul2026 15:41:45.242] [pool-4-thread-1/DEBUG] [net.minecraftforge.coremod.transformer.CoreModBaseTransformer/COREMOD]: Transforming net/minecraft/world/entity/monster/ZombieVillager
[10Jul2026 15:41:45.268] [pool-4-thread-1/DEBUG] [net.minecraftforge.coremod.transformer.CoreModBaseTransformer/COREMOD]: Transforming net/minecraft/world/entity/monster/Evoker$EvokerSummonSpellGoal
[10Jul2026 15:41:45.311] [pool-4-thread-1/DEBUG] [net.minecraftforge.coremod.transformer.CoreModBaseTransformer/COREMOD]: Transforming net/minecraft/world/entity/animal/horse/SkeletonTrapGoal
[10Jul2026 15:41:45.318] [pool-4-thread-1/DEBUG] [net.minecraftforge.coremod.transformer.CoreModBaseTransformer/COREMOD]: Transforming net/minecraft/world/entity/monster/Strider
[10Jul2026 15:41:45.354] [pool-4-thread-1/DEBUG] [net.minecraftforge.coremod.transformer.CoreModBaseTransformer/COREMOD]: Transforming net/minecraft/world/entity/npc/Villager
[10Jul2026 15:41:45.390] [pool-4-thread-1/DEBUG] [net.minecraftforge.coremod.transformer.CoreModBaseTransformer/COREMOD]: Transforming net/minecraft/world/effect/MobEffectInstance
[10Jul2026 15:41:45.565] [pool-4-thread-1/DEBUG] [net.minecraftforge.coremod.transformer.CoreModBaseTransformer/COREMOD]: Transforming net/minecraft/world/level/levelgen/structure/Structure
[10Jul2026 15:41:45.579] [pool-4-thread-1/DEBUG] [net.minecraftforge.coremod.transformer.CoreModBaseTransformer/COREMOD]: Transforming net/minecraft/world/level/levelgen/structure/structures/OceanRuinPieces$OceanRuinPiece
[10Jul2026 15:41:45.584] [pool-4-thread-1/DEBUG] [net.minecraftforge.coremod.transformer.CoreModBaseTransformer/COREMOD]: Transforming net/minecraft/world/level/levelgen/structure/structures/SwampHutPiece
[10Jul2026 15:41:45.590] [pool-4-thread-1/DEBUG] [net.minecraftforge.coremod.transformer.CoreModBaseTransformer/COREMOD]: Transforming net/minecraft/world/level/levelgen/structure/structures/OceanMonumentPieces$OceanMonumentPiece
[10Jul2026 15:41:45.598] [pool-4-thread-1/DEBUG] [net.minecraftforge.coremod.transformer.CoreModBaseTransformer/COREMOD]: Transforming net/minecraft/world/level/levelgen/structure/structures/WoodlandMansionPieces$WoodlandMansionPiece
[10Jul2026 15:41:45.631] [pool-4-thread-1/DEBUG] [net.minecraftforge.coremod.transformer.CoreModBaseTransformer/COREMOD]: Transforming net/minecraft/world/level/biome/Biome
[10Jul2026 15:41:45.697] [pool-4-thread-1/DEBUG] [net.minecraftforge.registries.GameData/REGISTRIES]: Creating vanilla freeze snapshot
[10Jul2026 15:41:45.697] [pool-4-thread-1/DEBUG] [net.minecraftforge.registries.ForgeRegistry/REGISTRIES]: Registry minecraft:block Sync: VANILLA -> ACTIVE
[10Jul2026 15:41:45.703] [pool-4-thread-1/DEBUG] [net.minecraftforge.registries.ForgeRegistry/REGISTRIES]: Registry minecraft:fluid Sync: VANILLA -> ACTIVE
[10Jul2026 15:41:45.703] [pool-4-thread-1/DEBUG] [net.minecraftforge.registries.ForgeRegistry/REGISTRIES]: Registry minecraft:item Sync: VANILLA -> ACTIVE
[10Jul2026 15:41:45.708] [pool-4-thread-1/DEBUG] [net.minecraftforge.registries.ForgeRegistry/REGISTRIES]: Registry minecraft:mob_effect Sync: VANILLA -> ACTIVE
[10Jul2026 15:41:45.708] [pool-4-thread-1/DEBUG] [net.minecraftforge.registries.ForgeRegistry/REGISTRIES]: Registry minecraft:sound_event Sync: VANILLA -> ACTIVE
[10Jul2026 15:41:45.713] [pool-4-thread-1/DEBUG] [net.minecraftforge.registries.ForgeRegistry/REGISTRIES]: Registry minecraft:potion Sync: VANILLA -> ACTIVE
[10Jul2026 15:41:45.713] [pool-4-thread-1/DEBUG] [net.minecraftforge.registries.ForgeRegistry/REGISTRIES]: Registry minecraft:enchantment Sync: VANILLA -> ACTIVE
[10Jul2026 15:41:45.714] [pool-4-thread-1/DEBUG] [net.minecraftforge.registries.ForgeRegistry/REGISTRIES]: Registry minecraft:entity_type Sync: VANILLA -> ACTIVE
[10Jul2026 15:41:45.714] [pool-4-thread-1/DEBUG] [net.minecraftforge.registries.ForgeRegistry/REGISTRIES]: Registry minecraft:block_entity_type Sync: VANILLA -> ACTIVE
[10Jul2026 15:41:45.714] [pool-4-thread-1/DEBUG] [net.minecraftforge.registries.ForgeRegistry/REGISTRIES]: Registry minecraft:particle_type Sync: VANILLA -> ACTIVE
[10Jul2026 15:41:45.715] [pool-4-thread-1/DEBUG] [net.minecraftforge.registries.ForgeRegistry/REGISTRIES]: Registry minecraft:menu Sync: VANILLA -> ACTIVE
[10Jul2026 15:41:45.715] [pool-4-thread-1/DEBUG] [net.minecraftforge.registries.ForgeRegistry/REGISTRIES]: Registry minecraft:painting_variant Sync: VANILLA -> ACTIVE
[10Jul2026 15:41:45.715] [pool-4-thread-1/DEBUG] [net.minecraftforge.registries.ForgeRegistry/REGISTRIES]: Registry minecraft:recipe_type Sync: VANILLA -> ACTIVE
[10Jul2026 15:41:45.715] [pool-4-thread-1/DEBUG] [net.minecraftforge.registries.ForgeRegistry/REGISTRIES]: Registry minecraft:recipe_serializer Sync: VANILLA -> ACTIVE
[10Jul2026 15:41:45.715] [pool-4-thread-1/DEBUG] [net.minecraftforge.registries.ForgeRegistry/REGISTRIES]: Registry minecraft:attribute Sync: VANILLA -> ACTIVE
[10Jul2026 15:41:45.715] [pool-4-thread-1/DEBUG] [net.minecraftforge.registries.ForgeRegistry/REGISTRIES]: Registry minecraft:stat_type Sync: VANILLA -> ACTIVE
[10Jul2026 15:41:45.715] [pool-4-thread-1/DEBUG] [net.minecraftforge.registries.ForgeRegistry/REGISTRIES]: Registry minecraft:command_argument_type Sync: VANILLA -> ACTIVE
[10Jul2026 15:41:45.715] [pool-4-thread-1/DEBUG] [net.minecraftforge.registries.ForgeRegistry/REGISTRIES]: Registry minecraft:villager_profession Sync: VANILLA -> ACTIVE
[10Jul2026 15:41:45.715] [pool-4-thread-1/DEBUG] [net.minecraftforge.registries.ForgeRegistry/REGISTRIES]: Registry minecraft:point_of_interest_type Sync: VANILLA -> ACTIVE
[10Jul2026 15:41:45.716] [pool-4-thread-1/DEBUG] [net.minecraftforge.registries.ForgeRegistry/REGISTRIES]: Registry minecraft:memory_module_type Sync: VANILLA -> ACTIVE
[10Jul2026 15:41:45.717] [pool-4-thread-1/DEBUG] [net.minecraftforge.registries.ForgeRegistry/REGISTRIES]: Registry minecraft:sensor_type Sync: VANILLA -> ACTIVE
[10Jul2026 15:41:45.717] [pool-4-thread-1/DEBUG] [net.minecraftforge.registries.ForgeRegistry/REGISTRIES]: Registry minecraft:schedule Sync: VANILLA -> ACTIVE
[10Jul2026 15:41:45.717] [pool-4-thread-1/DEBUG] [net.minecraftforge.registries.ForgeRegistry/REGISTRIES]: Registry minecraft:activity Sync: VANILLA -> ACTIVE
[10Jul2026 15:41:45.717] [pool-4-thread-1/DEBUG] [net.minecraftforge.registries.ForgeRegistry/REGISTRIES]: Registry minecraft:worldgen/carver Sync: VANILLA -> ACTIVE
[10Jul2026 15:41:45.717] [pool-4-thread-1/DEBUG] [net.minecraftforge.registries.ForgeRegistry/REGISTRIES]: Registry minecraft:worldgen/feature Sync: VANILLA -> ACTIVE
[10Jul2026 15:41:45.717] [pool-4-thread-1/DEBUG] [net.minecraftforge.registries.ForgeRegistry/REGISTRIES]: Registry minecraft:chunk_status Sync: VANILLA -> ACTIVE
[10Jul2026 15:41:45.717] [pool-4-thread-1/DEBUG] [net.minecraftforge.registries.ForgeRegistry/REGISTRIES]: Registry minecraft:worldgen/block_state_provider_type Sync: VANILLA -> ACTIVE
[10Jul2026 15:41:45.717] [pool-4-thread-1/DEBUG] [net.minecraftforge.registries.ForgeRegistry/REGISTRIES]: Registry minecraft:worldgen/foliage_placer_type Sync: VANILLA -> ACTIVE
[10Jul2026 15:41:45.717] [pool-4-thread-1/DEBUG] [net.minecraftforge.registries.ForgeRegistry/REGISTRIES]: Registry minecraft:worldgen/tree_decorator_type Sync: VANILLA -> ACTIVE
[10Jul2026 15:41:45.717] [pool-4-thread-1/DEBUG] [net.minecraftforge.registries.ForgeRegistry/REGISTRIES]: Registry minecraft:worldgen/biome Sync: VANILLA -> ACTIVE
[10Jul2026 15:41:45.720] [pool-4-thread-1/DEBUG] [net.minecraftforge.registries.GameData/REGISTRIES]: Vanilla freeze snapshot created
[10Jul2026 15:41:45.727] [pool-4-thread-1/DEBUG] [io.netty.util.internal.PlatformDependent0/]: -Dio.netty.noUnsafe: false
[10Jul2026 15:41:45.727] [pool-4-thread-1/DEBUG] [io.netty.util.internal.PlatformDependent0/]: Java version: 17
[10Jul2026 15:41:45.727] [pool-4-thread-1/DEBUG] [io.netty.util.internal.PlatformDependent0/]: sun.misc.Unsafe.theUnsafe: available
[10Jul2026 15:41:45.727] [pool-4-thread-1/DEBUG] [io.netty.util.internal.PlatformDependent0/]: sun.misc.Unsafe.copyMemory: available
[10Jul2026 15:41:45.728] [pool-4-thread-1/DEBUG] [io.netty.util.internal.PlatformDependent0/]: sun.misc.Unsafe.storeFence: available
[10Jul2026 15:41:45.728] [pool-4-thread-1/DEBUG] [io.netty.util.internal.PlatformDependent0/]: java.nio.Buffer.address: available
[10Jul2026 15:41:45.728] [pool-4-thread-1/DEBUG] [io.netty.util.internal.PlatformDependent0/]: direct buffer constructor: unavailable
java.lang.UnsupportedOperationException: Reflective setAccessible(true) disabled
	at io.netty.util.internal.ReflectionUtil.trySetAccessible(ReflectionUtil.java:31) ~[netty-common-4.1.82.Final.jar%23144!/:4.1.82.Final]
	at io.netty.util.internal.PlatformDependent0$5.run(PlatformDependent0.java:288) ~[netty-common-4.1.82.Final.jar%23144!/:4.1.82.Final]
	at java.security.AccessController.doPrivileged(AccessController.java:318) ~[?:?]
	at io.netty.util.internal.PlatformDependent0.<clinit>(PlatformDependent0.java:282) ~[netty-common-4.1.82.Final.jar%23144!/:4.1.82.Final]
	at io.netty.util.internal.PlatformDependent.isAndroid(PlatformDependent.java:333) ~[netty-common-4.1.82.Final.jar%23144!/:4.1.82.Final]
	at io.netty.util.internal.PlatformDependent.<clinit>(PlatformDependent.java:88) ~[netty-common-4.1.82.Final.jar%23144!/:4.1.82.Final]
	at io.netty.util.ConstantPool.<init>(ConstantPool.java:34) ~[netty-common-4.1.82.Final.jar%23144!/:4.1.82.Final]
	at io.netty.util.AttributeKey$1.<init>(AttributeKey.java:27) ~[netty-common-4.1.82.Final.jar%23144!/:4.1.82.Final]
	at io.netty.util.AttributeKey.<clinit>(AttributeKey.java:27) ~[netty-common-4.1.82.Final.jar%23144!/:4.1.82.Final]
	at net.minecraftforge.network.NetworkConstants.<clinit>(NetworkConstants.java:34) ~[forge-1.20.1-47.4.10_mapped_official_1.20.1.jar%23183%23190!/:?]
	at net.minecraftforge.network.NetworkHooks.init(NetworkHooks.java:52) ~[forge-1.20.1-47.4.10_mapped_official_1.20.1.jar%23183%23190!/:?]
	at net.minecraft.server.Bootstrap.bootStrap(Bootstrap.java:62) ~[forge-1.20.1-47.4.10_mapped_official_1.20.1.jar%23184!/:?]
	at net.minecraft.client.main.Main.lambda$main$0(Main.java:151) ~[forge-1.20.1-47.4.10_mapped_official_1.20.1.jar%23184!/:?]
	at java.util.concurrent.Executors$RunnableAdapter.call(Executors.java:539) ~[?:?]
	at java.util.concurrent.FutureTask.run(FutureTask.java:264) ~[?:?]
	at java.util.concurrent.ThreadPoolExecutor.runWorker(ThreadPoolExecutor.java:1136) ~[?:?]
	at java.util.concurrent.ThreadPoolExecutor$Worker.run(ThreadPoolExecutor.java:635) ~[?:?]
	at java.lang.Thread.run(Thread.java:840) ~[?:?]
[10Jul2026 15:41:45.728] [pool-4-thread-1/DEBUG] [io.netty.util.internal.PlatformDependent0/]: java.nio.Bits.unaligned: available, true
[10Jul2026 15:41:45.729] [pool-4-thread-1/DEBUG] [io.netty.util.internal.PlatformDependent0/]: jdk.internal.misc.Unsafe.allocateUninitializedArray(int): unavailable
java.lang.IllegalAccessException: class io.netty.util.internal.PlatformDependent0$7 (in module io.netty.common) cannot access class jdk.internal.misc.Unsafe (in module java.base) because module java.base does not export jdk.internal.misc to module io.netty.common
	at jdk.internal.reflect.Reflection.newIllegalAccessException(Reflection.java:392) ~[?:?]
	at java.lang.reflect.AccessibleObject.checkAccess(AccessibleObject.java:674) ~[?:?]
	at java.lang.reflect.Method.invoke(Method.java:560) ~[?:?]
	at io.netty.util.internal.PlatformDependent0$7.run(PlatformDependent0.java:410) ~[netty-common-4.1.82.Final.jar%23144!/:4.1.82.Final]
	at java.security.AccessController.doPrivileged(AccessController.java:318) ~[?:?]
	at io.netty.util.internal.PlatformDependent0.<clinit>(PlatformDependent0.java:401) ~[netty-common-4.1.82.Final.jar%23144!/:4.1.82.Final]
	at io.netty.util.internal.PlatformDependent.isAndroid(PlatformDependent.java:333) ~[netty-common-4.1.82.Final.jar%23144!/:4.1.82.Final]
	at io.netty.util.internal.PlatformDependent.<clinit>(PlatformDependent.java:88) ~[netty-common-4.1.82.Final.jar%23144!/:4.1.82.Final]
	at io.netty.util.ConstantPool.<init>(ConstantPool.java:34) ~[netty-common-4.1.82.Final.jar%23144!/:4.1.82.Final]
	at io.netty.util.AttributeKey$1.<init>(AttributeKey.java:27) ~[netty-common-4.1.82.Final.jar%23144!/:4.1.82.Final]
	at io.netty.util.AttributeKey.<clinit>(AttributeKey.java:27) ~[netty-common-4.1.82.Final.jar%23144!/:4.1.82.Final]
	at net.minecraftforge.network.NetworkConstants.<clinit>(NetworkConstants.java:34) ~[forge-1.20.1-47.4.10_mapped_official_1.20.1.jar%23183%23190!/:?]
	at net.minecraftforge.network.NetworkHooks.init(NetworkHooks.java:52) ~[forge-1.20.1-47.4.10_mapped_official_1.20.1.jar%23183%23190!/:?]
	at net.minecraft.server.Bootstrap.bootStrap(Bootstrap.java:62) ~[forge-1.20.1-47.4.10_mapped_official_1.20.1.jar%23184!/:?]
	at net.minecraft.client.main.Main.lambda$main$0(Main.java:151) ~[forge-1.20.1-47.4.10_mapped_official_1.20.1.jar%23184!/:?]
	at java.util.concurrent.Executors$RunnableAdapter.call(Executors.java:539) ~[?:?]
	at java.util.concurrent.FutureTask.run(FutureTask.java:264) ~[?:?]
	at java.util.concurrent.ThreadPoolExecutor.runWorker(ThreadPoolExecutor.java:1136) ~[?:?]
	at java.util.concurrent.ThreadPoolExecutor$Worker.run(ThreadPoolExecutor.java:635) ~[?:?]
	at java.lang.Thread.run(Thread.java:840) ~[?:?]
[10Jul2026 15:41:45.729] [pool-4-thread-1/DEBUG] [io.netty.util.internal.PlatformDependent0/]: java.nio.DirectByteBuffer.<init>(long, int): unavailable
[10Jul2026 15:41:45.729] [pool-4-thread-1/DEBUG] [io.netty.util.internal.PlatformDependent/]: sun.misc.Unsafe: available
[10Jul2026 15:41:45.729] [pool-4-thread-1/DEBUG] [io.netty.util.internal.PlatformDependent/]: maxDirectMemory: 4294967296 bytes (maybe)
[10Jul2026 15:41:45.729] [pool-4-thread-1/DEBUG] [io.netty.util.internal.PlatformDependent/]: -Dio.netty.tmpdir: /var/folders/fd/c3smn30n6xbg4jr40q1gmsrm0000gq/T (java.io.tmpdir)
[10Jul2026 15:41:45.729] [pool-4-thread-1/DEBUG] [io.netty.util.internal.PlatformDependent/]: -Dio.netty.bitMode: 64 (sun.arch.data.model)
[10Jul2026 15:41:45.729] [pool-4-thread-1/DEBUG] [io.netty.util.internal.PlatformDependent/]: Platform: MacOS
[10Jul2026 15:41:45.729] [pool-4-thread-1/DEBUG] [io.netty.util.internal.PlatformDependent/]: -Dio.netty.maxDirectMemory: -1 bytes
[10Jul2026 15:41:45.729] [pool-4-thread-1/DEBUG] [io.netty.util.internal.PlatformDependent/]: -Dio.netty.uninitializedArrayAllocationThreshold: -1
[10Jul2026 15:41:45.730] [pool-4-thread-1/DEBUG] [io.netty.util.internal.CleanerJava9/]: java.nio.ByteBuffer.cleaner(): available
[10Jul2026 15:41:45.730] [pool-4-thread-1/DEBUG] [io.netty.util.internal.PlatformDependent/]: -Dio.netty.noPreferDirect: false
[10Jul2026 15:41:45.748] [pool-4-thread-1/DEBUG] [net.minecraftforge.network.NetworkHooks/]: Loading Network data for FML net version: FML3
[10Jul2026 15:41:45.870] [Render thread/WARN] [net.minecraft.server.packs.VanillaPackResourcesBuilder/]: Assets URL 'union:/Users/kuboshoma/.gradle/caches/forge_gradle/minecraft_user_repo/net/minecraftforge/forge/1.20.1-47.4.10_mapped_official_1.20.1/forge-1.20.1-47.4.10_mapped_official_1.20.1.jar%23184!/assets/.mcassetsroot' uses unexpected schema
[10Jul2026 15:41:45.871] [Render thread/WARN] [net.minecraft.server.packs.VanillaPackResourcesBuilder/]: Assets URL 'union:/Users/kuboshoma/.gradle/caches/forge_gradle/minecraft_user_repo/net/minecraftforge/forge/1.20.1-47.4.10_mapped_official_1.20.1/forge-1.20.1-47.4.10_mapped_official_1.20.1.jar%23184!/data/.mcassetsroot' uses unexpected schema
[10Jul2026 15:41:45.879] [Render thread/INFO] [com.mojang.authlib.yggdrasil.YggdrasilAuthenticationService/]: Environment: authHost='https://authserver.mojang.com', accountsHost='https://api.mojang.com', sessionHost='https://sessionserver.mojang.com', servicesHost='https://api.minecraftservices.com', name='PROD'
[10Jul2026 15:41:45.881] [Render thread/INFO] [net.minecraft.client.Minecraft/]: Setting user: Dev
[10Jul2026 15:41:45.912] [Render thread/INFO] [net.minecraft.client.Minecraft/]: Backend library: LWJGL version 3.3.1 build 7
[10Jul2026 15:41:46.094] [Render thread/WARN] [oshi.util.platform.mac.SysctlUtil/]: Failed sysctl call: hw.cpufrequency, Error code: 2
[10Jul2026 15:41:46.117] [Render thread/DEBUG] [net.minecraftforge.common.ForgeI18n/CORE]: Loading I18N data entries: 6434
[10Jul2026 15:41:46.124] [Render thread/DEBUG] [net.minecraftforge.fml.ModWorkManager/LOADING]: Using 8 threads for parallel mod-loading
[10Jul2026 15:41:46.130] [Render thread/DEBUG] [net.minecraftforge.fml.javafmlmod.FMLJavaModLanguageProvider/LOADING]: Loading FMLModContainer from classloader cpw.mods.modlauncher.TransformingClassLoader@3dc95b8b - got cpw.mods.cl.ModuleClassLoader@54da32dc
[10Jul2026 15:41:46.131] [Render thread/DEBUG] [net.minecraftforge.fml.javafmlmod.FMLModContainer/LOADING]: Creating FMLModContainer instance for net.minecraftforge.common.ForgeMod
[10Jul2026 15:41:46.132] [Render thread/DEBUG] [net.minecraftforge.fml.javafmlmod.FMLJavaModLanguageProvider/LOADING]: Loading FMLModContainer from classloader cpw.mods.modlauncher.TransformingClassLoader@3dc95b8b - got cpw.mods.cl.ModuleClassLoader@54da32dc
[10Jul2026 15:41:46.132] [Render thread/DEBUG] [net.minecraftforge.fml.javafmlmod.FMLModContainer/LOADING]: Creating FMLModContainer instance for com.rabbitaats.alpha_experience.AlphaExperienceMod
[10Jul2026 15:41:46.144] [modloading-worker-0/DEBUG] [net.minecraftforge.versions.forge.ForgeVersion/CORE]: Forge Version package package net.minecraftforge.versions.forge, Forge, version 47.4 from cpw.mods.modlauncher.TransformingClassLoader@3dc95b8b
[10Jul2026 15:41:46.145] [modloading-worker-0/DEBUG] [net.minecraftforge.versions.forge.ForgeVersion/CORE]: Found Forge version 47.4.10
[10Jul2026 15:41:46.145] [modloading-worker-0/DEBUG] [net.minecraftforge.versions.forge.ForgeVersion/CORE]: Found Forge spec 47.4
[10Jul2026 15:41:46.145] [modloading-worker-0/DEBUG] [net.minecraftforge.versions.forge.ForgeVersion/CORE]: Found Forge group net.minecraftforge
[10Jul2026 15:41:46.145] [modloading-worker-0/DEBUG] [net.minecraftforge.versions.mcp.MCPVersion/CORE]: MCP Version package package net.minecraftforge.versions.mcp, Minecraft, version 1.20.1 from cpw.mods.modlauncher.TransformingClassLoader@3dc95b8b
[10Jul2026 15:41:46.145] [modloading-worker-0/DEBUG] [net.minecraftforge.versions.mcp.MCPVersion/CORE]: Found MC version information 1.20.1
[10Jul2026 15:41:46.145] [modloading-worker-0/DEBUG] [net.minecraftforge.versions.mcp.MCPVersion/CORE]: Found MCP version information 20230612.114412
[10Jul2026 15:41:46.145] [modloading-worker-0/INFO] [net.minecraftforge.common.ForgeMod/FORGEMOD]: Forge mod loading, version 47.4.10, for MC 1.20.1 with MCP 20230612.114412
[10Jul2026 15:41:46.150] [modloading-worker-0/INFO] [net.minecraftforge.common.MinecraftForge/FORGE]: MinecraftForge v47.4.10 Initialized
[10Jul2026 15:41:46.184] [modloading-worker-0/DEBUG] [net.minecraftforge.fml.config.ConfigTracker/CONFIG]: Config file examplemod-common.toml for examplemod tracking
[10Jul2026 15:41:46.186] [modloading-worker-0/DEBUG] [net.minecraftforge.fml.javafmlmod.AutomaticEventSubscriber/LOADING]: Attempting to inject @EventBusSubscriber classes into the eventbus for examplemod
[10Jul2026 15:41:46.189] [modloading-worker-0/DEBUG] [net.minecraftforge.fml.javafmlmod.AutomaticEventSubscriber/LOADING]: Auto-subscribing com.rabbitaats.alpha_experience.Config to MOD
[10Jul2026 15:41:46.194] [modloading-worker-0/DEBUG] [net.minecraftforge.fml.javafmlmod.AutomaticEventSubscriber/LOADING]: Auto-subscribing com.rabbitaats.alpha_experience.AlphaExperienceMod$ClientModEvents to MOD
[10Jul2026 15:41:46.198] [modloading-worker-0/DEBUG] [net.minecraftforge.fml.config.ConfigTracker/CONFIG]: Config file forge-client.toml for forge tracking
[10Jul2026 15:41:46.198] [modloading-worker-0/DEBUG] [net.minecraftforge.fml.config.ConfigTracker/CONFIG]: Config file forge-server.toml for forge tracking
[10Jul2026 15:41:46.198] [modloading-worker-0/DEBUG] [net.minecraftforge.fml.ModLoadingContext/]: Attempted to register an empty config for type COMMON on mod forge
[10Jul2026 15:41:46.212] [modloading-worker-0/DEBUG] [net.minecraftforge.fml.javafmlmod.AutomaticEventSubscriber/LOADING]: Attempting to inject @EventBusSubscriber classes into the eventbus for forge
[10Jul2026 15:41:46.213] [modloading-worker-0/DEBUG] [net.minecraftforge.fml.javafmlmod.AutomaticEventSubscriber/LOADING]: Auto-subscribing net.minecraftforge.common.ForgeSpawnEggItem$CommonHandler to MOD
[10Jul2026 15:41:46.215] [modloading-worker-0/DEBUG] [net.minecraftforge.fml.javafmlmod.AutomaticEventSubscriber/LOADING]: Auto-subscribing net.minecraftforge.common.ForgeSpawnEggItem$ColorRegisterHandler to MOD
[10Jul2026 15:41:46.217] [modloading-worker-0/DEBUG] [net.minecraftforge.fml.javafmlmod.AutomaticEventSubscriber/LOADING]: Auto-subscribing net.minecraftforge.client.model.data.ModelDataManager to FORGE
[10Jul2026 15:41:46.219] [modloading-worker-0/DEBUG] [net.minecraftforge.fml.javafmlmod.AutomaticEventSubscriber/LOADING]: Auto-subscribing net.minecraftforge.client.ForgeHooksClient$ClientEvents to MOD
[10Jul2026 15:41:46.224] [modloading-worker-0/DEBUG] [net.minecraftforge.fml.javafmlmod.AutomaticEventSubscriber/LOADING]: Auto-subscribing net.minecraftforge.client.ClientForgeMod to MOD
[10Jul2026 15:41:46.240] [Render thread/DEBUG] [net.minecraftforge.registries.ObjectHolderRegistry/REGISTRIES]: Processing ObjectHolder annotations
[10Jul2026 15:41:46.255] [Render thread/DEBUG] [net.minecraftforge.registries.ObjectHolderRegistry/REGISTRIES]: Found 3848 ObjectHolder annotations
[10Jul2026 15:41:46.260] [Render thread/DEBUG] [net.minecraftforge.common.capabilities.CapabilityManager/CAPABILITIES]: Attempting to automatically register: Lnet/minecraftforge/energy/IEnergyStorage;
[10Jul2026 15:41:46.261] [Render thread/DEBUG] [net.minecraftforge.common.capabilities.CapabilityManager/CAPABILITIES]: Attempting to automatically register: Lnet/minecraftforge/fluids/capability/IFluidHandler;
[10Jul2026 15:41:46.261] [Render thread/DEBUG] [net.minecraftforge.common.capabilities.CapabilityManager/CAPABILITIES]: Attempting to automatically register: Lnet/minecraftforge/fluids/capability/IFluidHandlerItem;
[10Jul2026 15:41:46.261] [Render thread/DEBUG] [net.minecraftforge.common.capabilities.CapabilityManager/CAPABILITIES]: Attempting to automatically register: Lnet/minecraftforge/items/IItemHandler;
[10Jul2026 15:41:46.261] [Render thread/DEBUG] [net.minecraftforge.registries.GameData/REGISTRIES]: Unfreezing vanilla registries
[10Jul2026 15:41:46.262] [Render thread/DEBUG] [net.minecraftforge.registries.GameData/REGISTRIES]: Applying holder lookups: minecraft:sound_event
[10Jul2026 15:41:46.264] [Render thread/DEBUG] [net.minecraftforge.registries.GameData/REGISTRIES]: Holder lookups applied: minecraft:sound_event
[10Jul2026 15:41:46.264] [Render thread/DEBUG] [net.minecraftforge.registries.GameData/REGISTRIES]: Applying holder lookups: minecraft:fluid
[10Jul2026 15:41:46.264] [Render thread/DEBUG] [net.minecraftforge.registries.GameData/REGISTRIES]: Holder lookups applied: minecraft:fluid
[10Jul2026 15:41:46.265] [Render thread/DEBUG] [net.minecraftforge.registries.GameData/REGISTRIES]: Applying holder lookups: minecraft:block
[10Jul2026 15:41:46.265] [Render thread/DEBUG] [net.minecraftforge.registries.GameData/REGISTRIES]: Holder lookups applied: minecraft:block
[10Jul2026 15:41:46.266] [Render thread/DEBUG] [net.minecraftforge.registries.GameData/REGISTRIES]: Applying holder lookups: minecraft:attribute
[10Jul2026 15:41:46.266] [Render thread/DEBUG] [net.minecraftforge.registries.GameData/REGISTRIES]: Holder lookups applied: minecraft:attribute
[10Jul2026 15:41:46.266] [Render thread/DEBUG] [net.minecraftforge.registries.GameData/REGISTRIES]: Applying holder lookups: minecraft:mob_effect
[10Jul2026 15:41:46.266] [Render thread/DEBUG] [net.minecraftforge.registries.GameData/REGISTRIES]: Holder lookups applied: minecraft:mob_effect
[10Jul2026 15:41:46.266] [Render thread/DEBUG] [net.minecraftforge.registries.GameData/REGISTRIES]: Applying holder lookups: minecraft:particle_type
[10Jul2026 15:41:46.266] [Render thread/DEBUG] [net.minecraftforge.registries.GameData/REGISTRIES]: Holder lookups applied: minecraft:particle_type
[10Jul2026 15:41:46.266] [Render thread/DEBUG] [net.minecraftforge.registries.GameData/REGISTRIES]: Applying holder lookups: minecraft:item
[10Jul2026 15:41:46.267] [Render thread/DEBUG] [net.minecraftforge.registries.GameData/REGISTRIES]: Holder lookups applied: minecraft:item
[10Jul2026 15:41:46.267] [Render thread/DEBUG] [net.minecraftforge.registries.GameData/REGISTRIES]: Applying holder lookups: minecraft:entity_type
[10Jul2026 15:41:46.268] [Render thread/DEBUG] [net.minecraftforge.registries.GameData/REGISTRIES]: Holder lookups applied: minecraft:entity_type
[10Jul2026 15:41:46.268] [Render thread/DEBUG] [net.minecraftforge.registries.GameData/REGISTRIES]: Applying holder lookups: minecraft:sensor_type
[10Jul2026 15:41:46.268] [Render thread/DEBUG] [net.minecraftforge.registries.GameData/REGISTRIES]: Holder lookups applied: minecraft:sensor_type
[10Jul2026 15:41:46.268] [Render thread/DEBUG] [net.minecraftforge.registries.GameData/REGISTRIES]: Applying holder lookups: minecraft:memory_module_type
[10Jul2026 15:41:46.268] [Render thread/DEBUG] [net.minecraftforge.registries.GameData/REGISTRIES]: Holder lookups applied: minecraft:memory_module_type
[10Jul2026 15:41:46.268] [Render thread/DEBUG] [net.minecraftforge.registries.GameData/REGISTRIES]: Applying holder lookups: minecraft:potion
[10Jul2026 15:41:46.268] [Render thread/DEBUG] [net.minecraftforge.registries.GameData/REGISTRIES]: Holder lookups applied: minecraft:potion
[10Jul2026 15:41:46.268] [Render thread/DEBUG] [net.minecraftforge.registries.GameData/REGISTRIES]: Applying holder lookups: minecraft:game_event
[10Jul2026 15:41:46.268] [Render thread/DEBUG] [net.minecraftforge.registries.GameData/REGISTRIES]: Holder lookups applied: minecraft:game_event
[10Jul2026 15:41:46.268] [Render thread/DEBUG] [net.minecraftforge.registries.GameData/REGISTRIES]: Applying holder lookups: minecraft:enchantment
[10Jul2026 15:41:46.269] [Render thread/DEBUG] [net.minecraftforge.registries.GameData/REGISTRIES]: Holder lookups applied: minecraft:enchantment
[10Jul2026 15:41:46.269] [Render thread/DEBUG] [net.minecraftforge.registries.GameData/REGISTRIES]: Applying holder lookups: minecraft:block_entity_type
[10Jul2026 15:41:46.269] [Render thread/DEBUG] [net.minecraftforge.registries.GameData/REGISTRIES]: Holder lookups applied: minecraft:block_entity_type
[10Jul2026 15:41:46.269] [Render thread/DEBUG] [net.minecraftforge.registries.GameData/REGISTRIES]: Applying holder lookups: minecraft:painting_variant
[10Jul2026 15:41:46.269] [Render thread/DEBUG] [net.minecraftforge.registries.GameData/REGISTRIES]: Holder lookups applied: minecraft:painting_variant
[10Jul2026 15:41:46.269] [Render thread/DEBUG] [net.minecraftforge.registries.GameData/REGISTRIES]: Applying holder lookups: minecraft:stat_type
[10Jul2026 15:41:46.269] [Render thread/DEBUG] [net.minecraftforge.registries.GameData/REGISTRIES]: Holder lookups applied: minecraft:stat_type
[10Jul2026 15:41:46.269] [Render thread/DEBUG] [net.minecraftforge.registries.GameData/REGISTRIES]: Applying holder lookups: minecraft:custom_stat
[10Jul2026 15:41:46.269] [Render thread/DEBUG] [net.minecraftforge.registries.GameData/REGISTRIES]: Holder lookups applied: minecraft:custom_stat
[10Jul2026 15:41:46.270] [Render thread/DEBUG] [net.minecraftforge.registries.GameData/REGISTRIES]: Applying holder lookups: minecraft:chunk_status
[10Jul2026 15:41:46.270] [Render thread/DEBUG] [net.minecraftforge.registries.GameData/REGISTRIES]: Holder lookups applied: minecraft:chunk_status
[10Jul2026 15:41:46.270] [Render thread/DEBUG] [net.minecraftforge.registries.GameData/REGISTRIES]: Applying holder lookups: minecraft:rule_test
[10Jul2026 15:41:46.270] [Render thread/DEBUG] [net.minecraftforge.registries.GameData/REGISTRIES]: Holder lookups applied: minecraft:rule_test
[10Jul2026 15:41:46.270] [Render thread/DEBUG] [net.minecraftforge.registries.GameData/REGISTRIES]: Applying holder lookups: minecraft:rule_block_entity_modifier
[10Jul2026 15:41:46.270] [Render thread/DEBUG] [net.minecraftforge.registries.GameData/REGISTRIES]: Holder lookups applied: minecraft:rule_block_entity_modifier
[10Jul2026 15:41:46.270] [Render thread/DEBUG] [net.minecraftforge.registries.GameData/REGISTRIES]: Applying holder lookups: minecraft:pos_rule_test
[10Jul2026 15:41:46.270] [Render thread/DEBUG] [net.minecraftforge.registries.GameData/REGISTRIES]: Holder lookups applied: minecraft:pos_rule_test
[10Jul2026 15:41:46.270] [Render thread/DEBUG] [net.minecraftforge.registries.GameData/REGISTRIES]: Applying holder lookups: minecraft:menu
[10Jul2026 15:41:46.270] [Render thread/DEBUG] [net.minecraftforge.registries.GameData/REGISTRIES]: Holder lookups applied: minecraft:menu
[10Jul2026 15:41:46.271] [Render thread/DEBUG] [net.minecraftforge.registries.GameData/REGISTRIES]: Applying holder lookups: minecraft:recipe_type
[10Jul2026 15:41:46.271] [Render thread/DEBUG] [net.minecraftforge.registries.GameData/REGISTRIES]: Holder lookups applied: minecraft:recipe_type
[10Jul2026 15:41:46.275] [Render thread/DEBUG] [net.minecraftforge.registries.GameData/REGISTRIES]: Applying holder lookups: minecraft:recipe_serializer
[10Jul2026 15:41:46.276] [Render thread/DEBUG] [net.minecraftforge.registries.GameData/REGISTRIES]: Holder lookups applied: minecraft:recipe_serializer
[10Jul2026 15:41:46.276] [Render thread/DEBUG] [net.minecraftforge.registries.GameData/REGISTRIES]: Applying holder lookups: minecraft:position_source_type
[10Jul2026 15:41:46.276] [Render thread/DEBUG] [net.minecraftforge.registries.GameData/REGISTRIES]: Holder lookups applied: minecraft:position_source_type
[10Jul2026 15:41:46.276] [Render thread/DEBUG] [net.minecraftforge.registries.GameData/REGISTRIES]: Applying holder lookups: minecraft:command_argument_type
[10Jul2026 15:41:46.277] [Render thread/DEBUG] [net.minecraftforge.registries.GameData/REGISTRIES]: Holder lookups applied: minecraft:command_argument_type
[10Jul2026 15:41:46.277] [Render thread/DEBUG] [net.minecraftforge.registries.GameData/REGISTRIES]: Applying holder lookups: minecraft:villager_type
[10Jul2026 15:41:46.277] [Render thread/DEBUG] [net.minecraftforge.registries.GameData/REGISTRIES]: Holder lookups applied: minecraft:villager_type
[10Jul2026 15:41:46.277] [Render thread/DEBUG] [net.minecraftforge.registries.GameData/REGISTRIES]: Applying holder lookups: minecraft:villager_profession
[10Jul2026 15:41:46.277] [Render thread/DEBUG] [net.minecraftforge.registries.GameData/REGISTRIES]: Holder lookups applied: minecraft:villager_profession
[10Jul2026 15:41:46.277] [Render thread/DEBUG] [net.minecraftforge.registries.GameData/REGISTRIES]: Applying holder lookups: minecraft:point_of_interest_type
[10Jul2026 15:41:46.277] [Render thread/DEBUG] [net.minecraftforge.registries.GameData/REGISTRIES]: Holder lookups applied: minecraft:point_of_interest_type
[10Jul2026 15:41:46.277] [Render thread/DEBUG] [net.minecraftforge.registries.GameData/REGISTRIES]: Applying holder lookups: minecraft:schedule
[10Jul2026 15:41:46.277] [Render thread/DEBUG] [net.minecraftforge.registries.GameData/REGISTRIES]: Holder lookups applied: minecraft:schedule
[10Jul2026 15:41:46.277] [Render thread/DEBUG] [net.minecraftforge.registries.GameData/REGISTRIES]: Applying holder lookups: minecraft:activity
[10Jul2026 15:41:46.277] [Render thread/DEBUG] [net.minecraftforge.registries.GameData/REGISTRIES]: Holder lookups applied: minecraft:activity
[10Jul2026 15:41:46.278] [Render thread/DEBUG] [net.minecraftforge.registries.GameData/REGISTRIES]: Applying holder lookups: minecraft:loot_pool_entry_type
[10Jul2026 15:41:46.278] [Render thread/DEBUG] [net.minecraftforge.registries.GameData/REGISTRIES]: Holder lookups applied: minecraft:loot_pool_entry_type
[10Jul2026 15:41:46.278] [Render thread/DEBUG] [net.minecraftforge.registries.GameData/REGISTRIES]: Applying holder lookups: minecraft:loot_function_type
[10Jul2026 15:41:46.278] [Render thread/DEBUG] [net.minecraftforge.registries.GameData/REGISTRIES]: Holder lookups applied: minecraft:loot_function_type
[10Jul2026 15:41:46.278] [Render thread/DEBUG] [net.minecraftforge.registries.GameData/REGISTRIES]: Applying holder lookups: minecraft:loot_condition_type
[10Jul2026 15:41:46.279] [Render thread/DEBUG] [net.minecraftforge.registries.GameData/REGISTRIES]: Holder lookups applied: minecraft:loot_condition_type
[10Jul2026 15:41:46.279] [Render thread/DEBUG] [net.minecraftforge.registries.GameData/REGISTRIES]: Applying holder lookups: minecraft:loot_number_provider_type
[10Jul2026 15:41:46.279] [Render thread/DEBUG] [net.minecraftforge.registries.GameData/REGISTRIES]: Holder lookups applied: minecraft:loot_number_provider_type
[10Jul2026 15:41:46.279] [Render thread/DEBUG] [net.minecraftforge.registries.GameData/REGISTRIES]: Applying holder lookups: minecraft:loot_nbt_provider_type
[10Jul2026 15:41:46.279] [Render thread/DEBUG] [net.minecraftforge.registries.GameData/REGISTRIES]: Holder lookups applied: minecraft:loot_nbt_provider_type
[10Jul2026 15:41:46.279] [Render thread/DEBUG] [net.minecraftforge.registries.GameData/REGISTRIES]: Applying holder lookups: minecraft:loot_score_provider_type
[10Jul2026 15:41:46.279] [Render thread/DEBUG] [net.minecraftforge.registries.GameData/REGISTRIES]: Holder lookups applied: minecraft:loot_score_provider_type
[10Jul2026 15:41:46.279] [Render thread/DEBUG] [net.minecraftforge.registries.GameData/REGISTRIES]: Applying holder lookups: minecraft:float_provider_type
[10Jul2026 15:41:46.279] [Render thread/DEBUG] [net.minecraftforge.registries.GameData/REGISTRIES]: Holder lookups applied: minecraft:float_provider_type
[10Jul2026 15:41:46.279] [Render thread/DEBUG] [net.minecraftforge.registries.GameData/REGISTRIES]: Applying holder lookups: minecraft:int_provider_type
[10Jul2026 15:41:46.280] [Render thread/DEBUG] [net.minecraftforge.registries.GameData/REGISTRIES]: Holder lookups applied: minecraft:int_provider_type
[10Jul2026 15:41:46.280] [Render thread/DEBUG] [net.minecraftforge.registries.GameData/REGISTRIES]: Applying holder lookups: minecraft:height_provider_type
[10Jul2026 15:41:46.280] [Render thread/DEBUG] [net.minecraftforge.registries.GameData/REGISTRIES]: Holder lookups applied: minecraft:height_provider_type
[10Jul2026 15:41:46.280] [Render thread/DEBUG] [net.minecraftforge.registries.GameData/REGISTRIES]: Applying holder lookups: minecraft:block_predicate_type
[10Jul2026 15:41:46.280] [Render thread/DEBUG] [net.minecraftforge.registries.GameData/REGISTRIES]: Holder lookups applied: minecraft:block_predicate_type
[10Jul2026 15:41:46.280] [Render thread/DEBUG] [net.minecraftforge.registries.GameData/REGISTRIES]: Applying holder lookups: minecraft:worldgen/carver
[10Jul2026 15:41:46.280] [Render thread/DEBUG] [net.minecraftforge.registries.GameData/REGISTRIES]: Holder lookups applied: minecraft:worldgen/carver
[10Jul2026 15:41:46.280] [Render thread/DEBUG] [net.minecraftforge.registries.GameData/REGISTRIES]: Applying holder lookups: minecraft:worldgen/feature
[10Jul2026 15:41:46.280] [Render thread/DEBUG] [net.minecraftforge.registries.GameData/REGISTRIES]: Holder lookups applied: minecraft:worldgen/feature
[10Jul2026 15:41:46.280] [Render thread/DEBUG] [net.minecraftforge.registries.GameData/REGISTRIES]: Applying holder lookups: minecraft:worldgen/structure_processor
[10Jul2026 15:41:46.280] [Render thread/DEBUG] [net.minecraftforge.registries.GameData/REGISTRIES]: Holder lookups applied: minecraft:worldgen/structure_processor
[10Jul2026 15:41:46.280] [Render thread/DEBUG] [net.minecraftforge.registries.GameData/REGISTRIES]: Applying holder lookups: minecraft:worldgen/structure_placement
[10Jul2026 15:41:46.281] [Render thread/DEBUG] [net.minecraftforge.registries.GameData/REGISTRIES]: Holder lookups applied: minecraft:worldgen/structure_placement
[10Jul2026 15:41:46.281] [Render thread/DEBUG] [net.minecraftforge.registries.GameData/REGISTRIES]: Applying holder lookups: minecraft:worldgen/structure_piece
[10Jul2026 15:41:46.281] [Render thread/DEBUG] [net.minecraftforge.registries.GameData/REGISTRIES]: Holder lookups applied: minecraft:worldgen/structure_piece
[10Jul2026 15:41:46.281] [Render thread/DEBUG] [net.minecraftforge.registries.GameData/REGISTRIES]: Applying holder lookups: minecraft:worldgen/structure_type
[10Jul2026 15:41:46.281] [Render thread/DEBUG] [net.minecraftforge.registries.GameData/REGISTRIES]: Holder lookups applied: minecraft:worldgen/structure_type
[10Jul2026 15:41:46.281] [Render thread/DEBUG] [net.minecraftforge.registries.GameData/REGISTRIES]: Applying holder lookups: minecraft:worldgen/placement_modifier_type
[10Jul2026 15:41:46.281] [Render thread/DEBUG] [net.minecraftforge.registries.GameData/REGISTRIES]: Holder lookups applied: minecraft:worldgen/placement_modifier_type
[10Jul2026 15:41:46.281] [Render thread/DEBUG] [net.minecraftforge.registries.GameData/REGISTRIES]: Applying holder lookups: minecraft:worldgen/block_state_provider_type
[10Jul2026 15:41:46.281] [Render thread/DEBUG] [net.minecraftforge.registries.GameData/REGISTRIES]: Holder lookups applied: minecraft:worldgen/block_state_provider_type
[10Jul2026 15:41:46.281] [Render thread/DEBUG] [net.minecraftforge.registries.GameData/REGISTRIES]: Applying holder lookups: minecraft:worldgen/foliage_placer_type
[10Jul2026 15:41:46.281] [Render thread/DEBUG] [net.minecraftforge.registries.GameData/REGISTRIES]: Holder lookups applied: minecraft:worldgen/foliage_placer_type
[10Jul2026 15:41:46.282] [Render thread/DEBUG] [net.minecraftforge.registries.GameData/REGISTRIES]: Applying holder lookups: minecraft:worldgen/trunk_placer_type
[10Jul2026 15:41:46.282] [Render thread/DEBUG] [net.minecraftforge.registries.GameData/REGISTRIES]: Holder lookups applied: minecraft:worldgen/trunk_placer_type
[10Jul2026 15:41:46.282] [Render thread/DEBUG] [net.minecraftforge.registries.GameData/REGISTRIES]: Applying holder lookups: minecraft:worldgen/root_placer_type
[10Jul2026 15:41:46.282] [Render thread/DEBUG] [net.minecraftforge.registries.GameData/REGISTRIES]: Holder lookups applied: minecraft:worldgen/root_placer_type
[10Jul2026 15:41:46.282] [Render thread/DEBUG] [net.minecraftforge.registries.GameData/REGISTRIES]: Applying holder lookups: minecraft:worldgen/tree_decorator_type
[10Jul2026 15:41:46.282] [Render thread/DEBUG] [net.minecraftforge.registries.GameData/REGISTRIES]: Holder lookups applied: minecraft:worldgen/tree_decorator_type
[10Jul2026 15:41:46.282] [Render thread/DEBUG] [net.minecraftforge.registries.GameData/REGISTRIES]: Applying holder lookups: minecraft:worldgen/feature_size_type
[10Jul2026 15:41:46.282] [Render thread/DEBUG] [net.minecraftforge.registries.GameData/REGISTRIES]: Holder lookups applied: minecraft:worldgen/feature_size_type
[10Jul2026 15:41:46.282] [Render thread/DEBUG] [net.minecraftforge.registries.GameData/REGISTRIES]: Applying holder lookups: minecraft:worldgen/biome_source
[10Jul2026 15:41:46.282] [Render thread/DEBUG] [net.minecraftforge.registries.GameData/REGISTRIES]: Holder lookups applied: minecraft:worldgen/biome_source
[10Jul2026 15:41:46.282] [Render thread/DEBUG] [net.minecraftforge.registries.GameData/REGISTRIES]: Applying holder lookups: minecraft:worldgen/chunk_generator
[10Jul2026 15:41:46.283] [Render thread/DEBUG] [net.minecraftforge.registries.GameData/REGISTRIES]: Holder lookups applied: minecraft:worldgen/chunk_generator
[10Jul2026 15:41:46.283] [Render thread/DEBUG] [net.minecraftforge.registries.GameData/REGISTRIES]: Applying holder lookups: minecraft:worldgen/material_condition
[10Jul2026 15:41:46.283] [Render thread/DEBUG] [net.minecraftforge.registries.GameData/REGISTRIES]: Holder lookups applied: minecraft:worldgen/material_condition
[10Jul2026 15:41:46.283] [Render thread/DEBUG] [net.minecraftforge.registries.GameData/REGISTRIES]: Applying holder lookups: minecraft:worldgen/material_rule
[10Jul2026 15:41:46.283] [Render thread/DEBUG] [net.minecraftforge.registries.GameData/REGISTRIES]: Holder lookups applied: minecraft:worldgen/material_rule
[10Jul2026 15:41:46.283] [Render thread/DEBUG] [net.minecraftforge.registries.GameData/REGISTRIES]: Applying holder lookups: minecraft:worldgen/density_function_type
[10Jul2026 15:41:46.283] [Render thread/DEBUG] [net.minecraftforge.registries.GameData/REGISTRIES]: Holder lookups applied: minecraft:worldgen/density_function_type
[10Jul2026 15:41:46.283] [Render thread/DEBUG] [net.minecraftforge.registries.GameData/REGISTRIES]: Applying holder lookups: minecraft:worldgen/structure_pool_element
[10Jul2026 15:41:46.283] [Render thread/DEBUG] [net.minecraftforge.registries.GameData/REGISTRIES]: Holder lookups applied: minecraft:worldgen/structure_pool_element
[10Jul2026 15:41:46.283] [Render thread/DEBUG] [net.minecraftforge.registries.GameData/REGISTRIES]: Applying holder lookups: minecraft:cat_variant
[10Jul2026 15:41:46.283] [Render thread/DEBUG] [net.minecraftforge.registries.GameData/REGISTRIES]: Holder lookups applied: minecraft:cat_variant
[10Jul2026 15:41:46.284] [Render thread/DEBUG] [net.minecraftforge.registries.GameData/REGISTRIES]: Applying holder lookups: minecraft:frog_variant
[10Jul2026 15:41:46.284] [Render thread/DEBUG] [net.minecraftforge.registries.GameData/REGISTRIES]: Holder lookups applied: minecraft:frog_variant
[10Jul2026 15:41:46.284] [Render thread/DEBUG] [net.minecraftforge.registries.GameData/REGISTRIES]: Applying holder lookups: minecraft:banner_pattern
[10Jul2026 15:41:46.284] [Render thread/DEBUG] [net.minecraftforge.registries.GameData/REGISTRIES]: Holder lookups applied: minecraft:banner_pattern
[10Jul2026 15:41:46.284] [Render thread/DEBUG] [net.minecraftforge.registries.GameData/REGISTRIES]: Applying holder lookups: minecraft:instrument
[10Jul2026 15:41:46.284] [Render thread/DEBUG] [net.minecraftforge.registries.GameData/REGISTRIES]: Holder lookups applied: minecraft:instrument
[10Jul2026 15:41:46.284] [Render thread/DEBUG] [net.minecraftforge.registries.GameData/REGISTRIES]: Applying holder lookups: minecraft:decorated_pot_patterns
[10Jul2026 15:41:46.284] [Render thread/DEBUG] [net.minecraftforge.registries.GameData/REGISTRIES]: Holder lookups applied: minecraft:decorated_pot_patterns
[10Jul2026 15:41:46.285] [Render thread/DEBUG] [net.minecraftforge.registries.GameData/REGISTRIES]: Applying holder lookups: minecraft:creative_mode_tab
[10Jul2026 15:41:46.285] [Render thread/DEBUG] [net.minecraftforge.registries.GameData/REGISTRIES]: Holder lookups applied: minecraft:creative_mode_tab
[10Jul2026 15:41:46.287] [Render thread/DEBUG] [net.minecraftforge.registries.GameData/REGISTRIES]: Applying holder lookups: forge:biome_modifier_serializers
[10Jul2026 15:41:46.287] [Render thread/DEBUG] [net.minecraftforge.registries.GameData/REGISTRIES]: Holder lookups applied: forge:biome_modifier_serializers
[10Jul2026 15:41:46.287] [Render thread/DEBUG] [net.minecraftforge.registries.GameData/REGISTRIES]: Applying holder lookups: forge:display_contexts
[10Jul2026 15:41:46.288] [Render thread/DEBUG] [net.minecraftforge.registries.GameData/REGISTRIES]: Holder lookups applied: forge:display_contexts
[10Jul2026 15:41:46.288] [Render thread/DEBUG] [net.minecraftforge.registries.GameData/REGISTRIES]: Applying holder lookups: forge:entity_data_serializers
[10Jul2026 15:41:46.288] [Render thread/DEBUG] [net.minecraftforge.registries.GameData/REGISTRIES]: Holder lookups applied: forge:entity_data_serializers
[10Jul2026 15:41:46.289] [Render thread/DEBUG] [net.minecraftforge.registries.GameData/REGISTRIES]: Applying holder lookups: forge:fluid_type
[10Jul2026 15:41:46.290] [Render thread/DEBUG] [net.minecraftforge.registries.GameData/REGISTRIES]: Holder lookups applied: forge:fluid_type
[10Jul2026 15:41:46.290] [Render thread/DEBUG] [net.minecraftforge.registries.GameData/REGISTRIES]: Applying holder lookups: forge:global_loot_modifier_serializers
[10Jul2026 15:41:46.290] [Render thread/DEBUG] [net.minecraftforge.registries.GameData/REGISTRIES]: Holder lookups applied: forge:global_loot_modifier_serializers
[10Jul2026 15:41:46.291] [Render thread/DEBUG] [net.minecraftforge.registries.GameData/REGISTRIES]: Applying holder lookups: forge:holder_set_type
[10Jul2026 15:41:46.291] [Render thread/DEBUG] [net.minecraftforge.registries.GameData/REGISTRIES]: Holder lookups applied: forge:holder_set_type
[10Jul2026 15:41:46.291] [Render thread/DEBUG] [net.minecraftforge.registries.GameData/REGISTRIES]: Applying holder lookups: forge:structure_modifier_serializers
[10Jul2026 15:41:46.292] [Render thread/DEBUG] [net.minecraftforge.registries.GameData/REGISTRIES]: Holder lookups applied: forge:structure_modifier_serializers
[10Jul2026 15:41:46.292] [Render thread/DEBUG] [net.minecraftforge.registries.GameData/REGISTRIES]: Applying holder lookups: minecraft:worldgen/biome
[10Jul2026 15:41:46.292] [Render thread/DEBUG] [net.minecraftforge.registries.GameData/REGISTRIES]: Holder lookups applied: minecraft:worldgen/biome
[10Jul2026 15:41:46.331] [Render thread/DEBUG] [net.minecraftforge.client.loading.ClientModLoader/CORE]: Generating PackInfo named mod:forge for mod file /
[10Jul2026 15:41:46.331] [Render thread/DEBUG] [net.minecraftforge.client.loading.ClientModLoader/CORE]: Generating PackInfo named mod:examplemod for mod file /Users/kuboshoma/Private/mc/minecraft-mod-alpha-experience/build/resources/main
[10Jul2026 15:41:46.501] [Render thread/INFO] [net.minecraftforge.gametest.ForgeGameTestHooks/]: Enabled Gametest Namespaces: [examplemod]
[10Jul2026 15:41:46.704] [Render thread/INFO] [net.minecraft.server.packs.resources.ReloadableResourceManager/]: Reloading ResourceManager: vanilla, mod_resources
[10Jul2026 15:41:46.712] [modloading-worker-0/DEBUG] [net.minecraftforge.fml.config.ConfigTracker/CONFIG]: Loading configs type CLIENT
[10Jul2026 15:41:46.713] [modloading-worker-0/DEBUG] [net.minecraftforge.fml.config.ConfigFileTypeHandler/CONFIG]: Built TOML config for /Users/kuboshoma/Private/mc/minecraft-mod-alpha-experience/run/config/forge-client.toml
[10Jul2026 15:41:46.714] [modloading-worker-0/DEBUG] [net.minecraftforge.fml.config.ConfigFileTypeHandler/CONFIG]: Loaded TOML config file /Users/kuboshoma/Private/mc/minecraft-mod-alpha-experience/run/config/forge-client.toml
[10Jul2026 15:41:46.733] [modloading-worker-0/DEBUG] [net.minecraftforge.fml.config.ConfigFileTypeHandler/CONFIG]: Watching TOML config file /Users/kuboshoma/Private/mc/minecraft-mod-alpha-experience/run/config/forge-client.toml for changes
[10Jul2026 15:41:46.751] [modloading-worker-0/DEBUG] [net.minecraftforge.common.ForgeConfig/FORGEMOD]: Loaded forge config file forge-client.toml
[10Jul2026 15:41:46.752] [modloading-worker-0/DEBUG] [net.minecraftforge.fml.config.ConfigTracker/CONFIG]: Loading configs type COMMON
[10Jul2026 15:41:46.752] [modloading-worker-0/DEBUG] [net.minecraftforge.fml.config.ConfigFileTypeHandler/CONFIG]: Built TOML config for /Users/kuboshoma/Private/mc/minecraft-mod-alpha-experience/run/config/examplemod-common.toml
[10Jul2026 15:41:46.752] [modloading-worker-0/DEBUG] [net.minecraftforge.fml.config.ConfigFileTypeHandler/CONFIG]: Loaded TOML config file /Users/kuboshoma/Private/mc/minecraft-mod-alpha-experience/run/config/examplemod-common.toml
[10Jul2026 15:41:46.752] [modloading-worker-0/DEBUG] [net.minecraftforge.fml.config.ConfigFileTypeHandler/CONFIG]: Watching TOML config file /Users/kuboshoma/Private/mc/minecraft-mod-alpha-experience/run/config/examplemod-common.toml for changes
[10Jul2026 15:41:46.783] [Worker-Main-4/INFO] [net.minecraft.client.gui.font.providers.UnihexProvider/]: Found unifont_all_no_pua-15.0.06.hex, loading
[10Jul2026 15:41:46.912] [Worker-Main-3/INFO] [com.rabbitaats.alpha_experience.AlphaExperienceMod/]: HELLO FROM COMMON SETUP
[10Jul2026 15:41:46.912] [Worker-Main-3/INFO] [com.rabbitaats.alpha_experience.AlphaExperienceMod/]: DIRT BLOCK >> minecraft:dirt
[10Jul2026 15:41:46.912] [Worker-Main-3/INFO] [com.rabbitaats.alpha_experience.AlphaExperienceMod/]: The magic number is... 42
[10Jul2026 15:41:46.929] [Forge Version Check/INFO] [net.minecraftforge.fml.VersionChecker/]: [forge] Starting version check at https://files.minecraftforge.net/net/minecraftforge/forge/promotions_slim.json
[10Jul2026 15:41:46.947] [Worker-Main-3/INFO] [com.rabbitaats.alpha_experience.AlphaExperienceMod/]: ITEM >> iron_ingot
[10Jul2026 15:41:46.971] [Worker-Main-5/INFO] [com.rabbitaats.alpha_experience.AlphaExperienceMod/]: HELLO FROM CLIENT SETUP
[10Jul2026 15:41:46.971] [Worker-Main-5/INFO] [com.rabbitaats.alpha_experience.AlphaExperienceMod/]: MINECRAFT NAME >> Dev
[10Jul2026 15:41:47.328] [Worker-Main-2/WARN] [net.minecraft.client.resources.model.ModelBakery/]: Exception loading blockstate definition: 'examplemod:blockstates/example_block.json' missing model for variant: 'examplemod:example_block#'
[10Jul2026 15:41:47.335] [Worker-Main-2/WARN] [net.minecraft.client.resources.model.ModelBakery/]: Unable to load model: 'examplemod:example_block#inventory' referenced from: examplemod:example_block#inventory: java.io.FileNotFoundException: examplemod:models/item/example_block.json
[10Jul2026 15:41:47.335] [Worker-Main-2/WARN] [net.minecraft.client.resources.model.ModelBakery/]: Unable to load model: 'examplemod:example_item#inventory' referenced from: examplemod:example_item#inventory: java.io.FileNotFoundException: examplemod:models/item/example_item.json
[10Jul2026 15:41:47.414] [Forge Version Check/DEBUG] [net.minecraftforge.fml.VersionChecker/]: [forge] Received version check data:
{
  "homepage": "https://files.minecraftforge.net/net/minecraftforge/forge/",
  "promos": {
    "1.1-latest": "1.3.4.29",
    "1.2.3-latest": "1.4.1.64",
    "1.2.4-latest": "2.0.0.68",
    "1.2.5-latest": "3.4.9.171",
    "1.3.2-latest": "4.3.5.318",
    "1.4.0-latest": "5.0.0.326",
    "1.4.1-latest": "6.0.0.329",
    "1.4.2-latest": "6.0.1.355",
    "1.4.3-latest": "6.2.1.358",
    "1.4.4-latest": "6.3.0.378",
    "1.4.5-latest": "6.4.2.448",
    "1.4.6-latest": "6.5.0.489",
    "1.4.7-latest": "6.6.2.534",
    "1.5-latest": "7.7.0.598",
    "1.5.1-latest": "7.7.2.682",
    "1.5.2-latest": "7.8.1.738",
    "1.5.2-recommended": "7.8.1.738",
    "1.6.1-latest": "8.9.0.775",
    "1.6.2-latest": "9.10.1.871",
    "1.6.2-recommended": "9.10.1.871",
    "1.6.3-latest": "9.11.0.878",
    "1.6.4-latest": "9.11.1.1345",
    "1.6.4-recommended": "9.11.1.1345",
    "1.7.2-latest": "10.12.2.1161",
    "1.7.2-recommended": "10.12.2.1161",
    "1.7.10-latest": "10.13.4.1614",
    "1.7.10-recommended": "10.13.4.1614",
    "1.8-latest": "11.14.4.1577",
    "1.8-recommended": "11.14.4.1563",
    "1.8.8-latest": "11.15.0.1655",
    "1.8.9-latest": "11.15.1.2318",
    "1.8.9-recommended": "11.15.1.2318",
    "1.9-latest": "12.16.1.1938",
    "1.9-recommended": "12.16.1.1887",
    "1.9.4-latest": "12.17.0.2317",
    "1.9.4-recommended": "12.17.0.2317",
    "1.10-latest": "12.18.0.2000",
    "1.10.2-latest": "12.18.3.2511",
    "1.10.2-recommended": "12.18.3.2511",
    "1.11-latest": "13.19.1.2199",
    "1.11-recommended": "13.19.1.2189",
    "1.11.2-latest": "13.20.1.2588",
    "1.11.2-recommended": "13.20.1.2588",
    "1.12-latest": "14.21.1.2443",
    "1.12-recommended": "14.21.1.2387",
    "1.12.1-latest": "14.22.1.2485",
    "1.12.1-recommended": "14.22.1.2478",
    "1.12.2-latest": "14.23.5.2864",
    "1.12.2-recommended": "14.23.5.2859",
    "1.13.2-latest": "25.0.223",
    "1.14.2-latest": "26.0.63",
    "1.14.3-latest": "27.0.60",
    "1.14.4-latest": "28.2.30",
    "1.14.4-recommended": "28.2.26",
    "1.15-latest": "29.0.4",
    "1.15.1-latest": "30.0.51",
    "1.15.2-latest": "31.2.62",
    "1.15.2-recommended": "31.2.57",
    "1.16.1-latest": "32.0.108",
    "1.16.2-latest": "33.0.61",
    "1.16.3-latest": "34.1.42",
    "1.16.3-recommended": "34.1.0",
    "1.16.4-latest": "35.1.37",
    "1.16.4-recommended": "35.1.4",
    "1.16.5-latest": "36.2.42",
    "1.16.5-recommended": "36.2.34",
    "1.17.1-latest": "37.1.1",
    "1.17.1-recommended": "37.1.1",
    "1.18-latest": "38.0.17",
    "1.18.1-latest": "39.1.2",
    "1.18.1-recommended": "39.1.0",
    "1.18.2-recommended": "40.3.0",
    "1.18.2-latest": "40.3.12",
    "1.19-latest": "41.1.0",
    "1.19-recommended": "41.1.0",
    "1.19.1-latest": "42.0.9",
    "1.19.2-recommended": "43.5.0",
    "1.19.2-latest": "43.5.2",
    "1.19.3-latest": "44.1.23",
    "1.19.3-recommended": "44.1.0",
    "1.19.4-recommended": "45.4.0",
    "1.19.4-latest": "45.4.3",
    "1.20-latest": "46.0.14",
    "1.20.1-recommended": "47.4.10",
    "1.20.1-latest": "47.4.21",
    "1.20.2-latest": "48.1.0",
    "1.20.2-recommended": "48.1.0",
    "1.20.3-latest": "49.0.2",
    "1.20.4-latest": "49.2.8",
    "1.20.4-recommended": "49.2.0",
    "1.20.6-latest": "50.2.9",
    "1.20.6-recommended": "50.2.0",
    "1.21-latest": "51.0.33",
    "1.21.1-latest": "52.1.15",
    "1.21.1-recommended": "52.1.0",
    "1.21.3-latest": "53.1.11",
    "1.21.3-recommended": "53.1.0",
    "1.21.4-latest": "54.1.17",
    "1.21.4-recommended": "54.1.14",
    "1.21.5-latest": "55.1.11",
    "1.21.5-recommended": "55.1.0",
    "1.21.6-latest": "56.0.9",
    "1.21.7-latest": "57.0.3",
    "1.21.8-latest": "58.1.19",
    "1.21.8-recommended": "58.1.0",
    "1.21.9-latest": "59.0.5",
    "1.21.10-latest": "60.1.10",
    "1.21.10-recommended": "60.1.0",
    "1.21.11-latest": "61.1.9",
    "1.21.11-recommended": "61.1.0",
    "26.1-latest": "62.0.9",
    "26.1.1-latest": "63.0.2",
    "26.1.2-latest": "64.0.11",
    "26.2-latest": "65.0.3"
  }
}
[10Jul2026 15:41:47.415] [Forge Version Check/INFO] [net.minecraftforge.fml.VersionChecker/]: [forge] Found status: UP_TO_DATE Current: 47.4.10 Target: null
[10Jul2026 15:41:47.755] [Thread-3/DEBUG] [net.minecraftforge.fml.config.ConfigFileTypeHandler/CONFIG]: Config file forge-client.toml changed, sending notifies
[10Jul2026 15:41:47.756] [Thread-3/DEBUG] [net.minecraftforge.common.ForgeConfig/FORGEMOD]: Forge config just got changed on the file system!
[10Jul2026 15:41:47.756] [Thread-3/DEBUG] [net.minecraftforge.fml.config.ConfigFileTypeHandler/CONFIG]: Config file examplemod-common.toml changed, sending notifies
[10Jul2026 15:41:47.938] [modloading-worker-0/DEBUG] [net.minecraftforge.registries.GameData/REGISTRIES]: Freezing registries
[10Jul2026 15:41:47.939] [modloading-worker-0/DEBUG] [net.minecraftforge.registries.ForgeRegistry/REGISTRIES]: Registry minecraft:block Sync: FROZEN -> ACTIVE
[10Jul2026 15:41:47.944] [modloading-worker-0/DEBUG] [net.minecraftforge.registries.ForgeRegistry/REGISTRIES]: Registry minecraft:fluid Sync: FROZEN -> ACTIVE
[10Jul2026 15:41:47.944] [modloading-worker-0/DEBUG] [net.minecraftforge.registries.ForgeRegistry/REGISTRIES]: Registry minecraft:item Sync: FROZEN -> ACTIVE
[10Jul2026 15:41:47.948] [modloading-worker-0/DEBUG] [net.minecraftforge.registries.ForgeRegistry/REGISTRIES]: Registry minecraft:mob_effect Sync: FROZEN -> ACTIVE
[10Jul2026 15:41:47.948] [modloading-worker-0/DEBUG] [net.minecraftforge.registries.ForgeRegistry/REGISTRIES]: Registry minecraft:sound_event Sync: FROZEN -> ACTIVE
[10Jul2026 15:41:47.953] [modloading-worker-0/DEBUG] [net.minecraftforge.registries.ForgeRegistry/REGISTRIES]: Registry minecraft:potion Sync: FROZEN -> ACTIVE
[10Jul2026 15:41:47.953] [modloading-worker-0/DEBUG] [net.minecraftforge.registries.ForgeRegistry/REGISTRIES]: Registry minecraft:enchantment Sync: FROZEN -> ACTIVE
[10Jul2026 15:41:47.953] [modloading-worker-0/DEBUG] [net.minecraftforge.registries.ForgeRegistry/REGISTRIES]: Registry minecraft:entity_type Sync: FROZEN -> ACTIVE
[10Jul2026 15:41:47.954] [modloading-worker-0/DEBUG] [net.minecraftforge.registries.ForgeRegistry/REGISTRIES]: Registry minecraft:block_entity_type Sync: FROZEN -> ACTIVE
[10Jul2026 15:41:47.954] [modloading-worker-0/DEBUG] [net.minecraftforge.registries.ForgeRegistry/REGISTRIES]: Registry minecraft:particle_type Sync: FROZEN -> ACTIVE
[10Jul2026 15:41:47.954] [modloading-worker-0/DEBUG] [net.minecraftforge.registries.ForgeRegistry/REGISTRIES]: Registry minecraft:menu Sync: FROZEN -> ACTIVE
[10Jul2026 15:41:47.954] [modloading-worker-0/DEBUG] [net.minecraftforge.registries.ForgeRegistry/REGISTRIES]: Registry minecraft:painting_variant Sync: FROZEN -> ACTIVE
[10Jul2026 15:41:47.954] [modloading-worker-0/DEBUG] [net.minecraftforge.registries.ForgeRegistry/REGISTRIES]: Registry minecraft:recipe_type Sync: FROZEN -> ACTIVE
[10Jul2026 15:41:47.954] [modloading-worker-0/DEBUG] [net.minecraftforge.registries.ForgeRegistry/REGISTRIES]: Registry minecraft:recipe_serializer Sync: FROZEN -> ACTIVE
[10Jul2026 15:41:47.954] [modloading-worker-0/DEBUG] [net.minecraftforge.registries.ForgeRegistry/REGISTRIES]: Registry minecraft:attribute Sync: FROZEN -> ACTIVE
[10Jul2026 15:41:47.954] [modloading-worker-0/DEBUG] [net.minecraftforge.registries.ForgeRegistry/REGISTRIES]: Registry minecraft:stat_type Sync: FROZEN -> ACTIVE
[10Jul2026 15:41:47.955] [modloading-worker-0/DEBUG] [net.minecraftforge.registries.ForgeRegistry/REGISTRIES]: Registry minecraft:command_argument_type Sync: FROZEN -> ACTIVE
[10Jul2026 15:41:47.955] [modloading-worker-0/DEBUG] [net.minecraftforge.registries.ForgeRegistry/REGISTRIES]: Registry minecraft:villager_profession Sync: FROZEN -> ACTIVE
[10Jul2026 15:41:47.955] [modloading-worker-0/DEBUG] [net.minecraftforge.registries.ForgeRegistry/REGISTRIES]: Registry minecraft:point_of_interest_type Sync: FROZEN -> ACTIVE
[10Jul2026 15:41:47.956] [modloading-worker-0/DEBUG] [net.minecraftforge.registries.ForgeRegistry/REGISTRIES]: Registry minecraft:memory_module_type Sync: FROZEN -> ACTIVE
[10Jul2026 15:41:47.956] [modloading-worker-0/DEBUG] [net.minecraftforge.registries.ForgeRegistry/REGISTRIES]: Registry minecraft:sensor_type Sync: FROZEN -> ACTIVE
[10Jul2026 15:41:47.956] [modloading-worker-0/DEBUG] [net.minecraftforge.registries.ForgeRegistry/REGISTRIES]: Registry minecraft:schedule Sync: FROZEN -> ACTIVE
[10Jul2026 15:41:47.956] [modloading-worker-0/DEBUG] [net.minecraftforge.registries.ForgeRegistry/REGISTRIES]: Registry minecraft:activity Sync: FROZEN -> ACTIVE
[10Jul2026 15:41:47.956] [modloading-worker-0/DEBUG] [net.minecraftforge.registries.ForgeRegistry/REGISTRIES]: Registry minecraft:worldgen/carver Sync: FROZEN -> ACTIVE
[10Jul2026 15:41:47.956] [modloading-worker-0/DEBUG] [net.minecraftforge.registries.ForgeRegistry/REGISTRIES]: Registry minecraft:worldgen/feature Sync: FROZEN -> ACTIVE
[10Jul2026 15:41:47.956] [modloading-worker-0/DEBUG] [net.minecraftforge.registries.ForgeRegistry/REGISTRIES]: Registry minecraft:chunk_status Sync: FROZEN -> ACTIVE
[10Jul2026 15:41:47.956] [modloading-worker-0/DEBUG] [net.minecraftforge.registries.ForgeRegistry/REGISTRIES]: Registry minecraft:worldgen/block_state_provider_type Sync: FROZEN -> ACTIVE
[10Jul2026 15:41:47.957] [modloading-worker-0/DEBUG] [net.minecraftforge.registries.ForgeRegistry/REGISTRIES]: Registry minecraft:worldgen/foliage_placer_type Sync: FROZEN -> ACTIVE
[10Jul2026 15:41:47.957] [modloading-worker-0/DEBUG] [net.minecraftforge.registries.ForgeRegistry/REGISTRIES]: Registry minecraft:worldgen/tree_decorator_type Sync: FROZEN -> ACTIVE
[10Jul2026 15:41:47.957] [modloading-worker-0/DEBUG] [net.minecraftforge.registries.ForgeRegistry/REGISTRIES]: Registry minecraft:worldgen/biome Sync: FROZEN -> ACTIVE
[10Jul2026 15:41:47.957] [modloading-worker-0/DEBUG] [net.minecraftforge.registries.ForgeRegistry/REGISTRIES]: Registry forge:entity_data_serializers Sync: FROZEN -> ACTIVE
[10Jul2026 15:41:47.957] [modloading-worker-0/DEBUG] [net.minecraftforge.registries.ForgeRegistry/REGISTRIES]: Registry forge:global_loot_modifier_serializers Sync: FROZEN -> ACTIVE
[10Jul2026 15:41:47.957] [modloading-worker-0/DEBUG] [net.minecraftforge.registries.ForgeRegistry/REGISTRIES]: Registry forge:biome_modifier_serializers Sync: FROZEN -> ACTIVE
[10Jul2026 15:41:47.957] [modloading-worker-0/DEBUG] [net.minecraftforge.registries.ForgeRegistry/REGISTRIES]: Registry forge:fluid_type Sync: FROZEN -> ACTIVE
[10Jul2026 15:41:47.957] [modloading-worker-0/DEBUG] [net.minecraftforge.registries.ForgeRegistry/REGISTRIES]: Registry forge:structure_modifier_serializers Sync: FROZEN -> ACTIVE
[10Jul2026 15:41:47.957] [modloading-worker-0/DEBUG] [net.minecraftforge.registries.ForgeRegistry/REGISTRIES]: Registry forge:holder_set_type Sync: FROZEN -> ACTIVE
[10Jul2026 15:41:47.957] [modloading-worker-0/DEBUG] [net.minecraftforge.registries.ForgeRegistry/REGISTRIES]: Registry forge:display_contexts Sync: FROZEN -> ACTIVE
[10Jul2026 15:41:48.415] [modloading-worker-0/DEBUG] [net.minecraftforge.registries.GameData/REGISTRIES]: All registries frozen
[10Jul2026 15:41:48.449] [Render thread/DEBUG] [net.minecraftforge.common.ForgeI18n/CORE]: Loading I18N data entries: 6434
[10Jul2026 15:41:48.459] [Render thread/WARN] [net.minecraft.client.sounds.SoundEngine/]: Missing sound for event: minecraft:item.goat_horn.play
[10Jul2026 15:41:48.459] [Render thread/WARN] [net.minecraft.client.sounds.SoundEngine/]: Missing sound for event: minecraft:entity.goat.screaming.horn_break
[10Jul2026 15:41:48.520] [Render thread/INFO] [com.mojang.blaze3d.audio.Library/]: OpenAL initialized on device CoreAudio Default
[10Jul2026 15:41:48.522] [Render thread/INFO] [net.minecraft.client.sounds.SoundEngine/SOUNDS]: Sound engine started
[10Jul2026 15:41:48.581] [Render thread/INFO] [net.minecraft.client.renderer.texture.TextureAtlas/]: Created: 1024x512x4 minecraft:textures/atlas/blocks.png-atlas
[10Jul2026 15:41:48.588] [Render thread/INFO] [net.minecraft.client.renderer.texture.TextureAtlas/]: Created: 256x256x4 minecraft:textures/atlas/signs.png-atlas
[10Jul2026 15:41:48.589] [Render thread/INFO] [net.minecraft.client.renderer.texture.TextureAtlas/]: Created: 512x512x4 minecraft:textures/atlas/shield_patterns.png-atlas
[10Jul2026 15:41:48.589] [Render thread/INFO] [net.minecraft.client.renderer.texture.TextureAtlas/]: Created: 512x512x4 minecraft:textures/atlas/banner_patterns.png-atlas
[10Jul2026 15:41:48.590] [Render thread/INFO] [net.minecraft.client.renderer.texture.TextureAtlas/]: Created: 1024x1024x4 minecraft:textures/atlas/armor_trims.png-atlas
[10Jul2026 15:41:48.594] [Render thread/INFO] [net.minecraft.client.renderer.texture.TextureAtlas/]: Created: 128x64x4 minecraft:textures/atlas/decorated_pot.png-atlas
[10Jul2026 15:41:48.594] [Render thread/INFO] [net.minecraft.client.renderer.texture.TextureAtlas/]: Created: 256x256x4 minecraft:textures/atlas/chest.png-atlas
[10Jul2026 15:41:48.595] [Render thread/INFO] [net.minecraft.client.renderer.texture.TextureAtlas/]: Created: 512x256x4 minecraft:textures/atlas/shulker_boxes.png-atlas
[10Jul2026 15:41:48.595] [Render thread/INFO] [net.minecraft.client.renderer.texture.TextureAtlas/]: Created: 512x256x4 minecraft:textures/atlas/beds.png-atlas
[10Jul2026 15:41:48.735] [Render thread/WARN] [net.minecraft.client.renderer.ShaderInstance/]: Shader rendertype_entity_translucent_emissive could not find sampler named Sampler2 in the specified shader program.
[10Jul2026 15:41:48.794] [Render thread/INFO] [net.minecraft.client.renderer.texture.TextureAtlas/]: Created: 256x256x0 minecraft:textures/atlas/particles.png-atlas
[10Jul2026 15:41:48.794] [Render thread/INFO] [net.minecraft.client.renderer.texture.TextureAtlas/]: Created: 256x256x0 minecraft:textures/atlas/paintings.png-atlas
[10Jul2026 15:41:48.795] [Render thread/INFO] [net.minecraft.client.renderer.texture.TextureAtlas/]: Created: 128x128x0 minecraft:textures/atlas/mob_effects.png-atlas
[10Jul2026 15:41:57.090] [Render thread/INFO] [net.minecraft.client.Minecraft/]: Stopping!
